NPRODUCTO,CONCURSO,F1,F2,F3,F4,F5,F6,BOLSA,FECHA
34,4240,1,4,5,33,34,46,90000000,17/07/2026
34,4239,15,17,34,35,41,42,87900000,15/07/2026
34,4238,4,8,21,25,27,40,86300000,12/07/2026
34,4237,10,14,19,38,40,54,84300000,10/07/2026
34,4236,4,8,10,22,27,42,82200000,08/07/2026
34,4235,7,12,14,22,52,55,80500000,05/07/2026
34,4234,2,12,38,52,54,55,78500000,03/07/2026
34,4233,4,15,25,26,27,49,76500000,01/07/2026
34,4232,8,10,20,24,31,56,75000000,28/06/2026
34,4231,4,7,9,36,38,39,73000000,26/06/2026
34,4230,4,18,21,23,39,45,71000000,24/06/2026
34,4229,2,8,11,18,19,21,69300000,21/06/2026
34,4228,13,15,16,22,36,37,67300000,19/06/2026
34,4227,14,24,39,40,47,54,65500000,17/06/2026
34,4226,5,10,13,30,43,45,64000000,14/06/2026
34,4225,8,17,25,47,49,53,62200000,12/06/2026
34,4224,4,13,28,29,43,53,60100000,10/06/2026
34,4223,1,3,11,20,27,30,58500000,07/06/2026
34,4222,3,18,24,32,40,47,56100000,05/06/2026
34,4221,3,7,18,30,33,56,53900000,03/06/2026
34,4220,3,6,7,8,51,54,51900000,31/05/2026
34,4219,3,33,41,44,47,54,50000000,29/05/2026
34,4218,4,12,13,17,22,50,47900000,27/05/2026
34,4217,8,16,17,22,28,46,46200000,24/05/2026
34,4216,7,8,13,36,43,48,44200000,22/05/2026
34,4215,16,32,36,39,44,55,42000000,20/05/2026
34,4214,6,8,32,34,41,48,40100000,17/05/2026
34,4213,25,33,40,45,51,56,38100000,15/05/2026
34,4212,18,25,27,40,42,51,36000000,13/05/2026
34,4211,10,21,22,34,40,45,34500000,10/05/2026
34,4210,5,19,22,23,29,49,32300000,08/05/2026
34,4209,3,6,24,25,38,53,30100000,06/05/2026
34,4208,26,34,40,41,47,56,28500000,03/05/2026
34,4207,5,6,8,10,28,45,26500000,01/05/2026
34,4206,6,26,36,38,39,49,24500000,29/04/2026
34,4205,12,31,42,44,46,50,22900000,26/04/2026
34,4204,7,12,14,17,30,33,21200000,24/04/2026
34,4203,6,9,12,34,47,49,19000000,22/04/2026
34,4202,3,5,28,37,47,55,17500000,19/04/2026
34,4201,8,19,28,33,34,44,15400000,17/04/2026
34,4200,10,25,30,35,38,48,13200000,15/04/2026
34,4199,1,3,8,12,14,36,11500000,12/04/2026
34,4198,4,5,20,38,52,55,10400000,10/04/2026
34,4197,3,11,26,34,38,49,10300000,08/04/2026
34,4196,4,11,15,30,43,54,10200000,05/04/2026
34,4195,1,25,27,44,52,53,10100000,03/04/2026
34,4194,21,32,44,45,53,54,10000000,01/04/2026
34,4193,10,12,19,20,34,44,240000000,29/03/2026
34,4192,2,3,10,22,31,47,237600000,27/03/2026
34,4191,2,7,9,15,22,43,235200000,25/03/2026
34,4190,3,8,15,22,28,53,233400000,22/03/2026
34,4189,13,25,27,31,45,53,231200000,20/03/2026
34,4188,15,17,36,39,48,51,228900000,18/03/2026
34,4187,1,9,14,22,41,56,227000000,15/03/2026
34,4186,16,31,32,36,45,49,224800000,13/03/2026
34,4185,5,7,8,43,46,54,222300000,11/03/2026
34,4184,18,22,25,42,45,52,220300000,08/03/2026
34,4183,11,15,37,40,53,56,218000000,06/03/2026
34,4182,7,27,30,33,50,56,215900000,04/03/2026
34,4181,18,32,34,40,45,51,213600000,01/03/2026
34,4180,4,6,10,24,25,35,211300000,27/02/2026
34,4179,6,17,20,27,47,51,208900000,25/02/2026
34,4178,4,5,9,10,17,33,207200000,22/02/2026
34,4177,6,9,18,22,25,39,204900000,20/02/2026
34,4176,1,10,12,48,49,50,202300000,18/02/2026
34,4175,4,36,38,42,44,48,200300000,15/02/2026
34,4174,6,9,14,20,28,37,197800000,13/02/2026
34,4173,10,18,31,39,53,55,195500000,11/02/2026
34,4172,28,29,30,38,43,50,193400000,08/02/2026
34,4171,9,17,21,25,28,29,191000000,06/02/2026
34,4170,1,4,5,13,43,47,188700000,04/02/2026
34,4169,3,13,29,33,35,50,186200000,01/02/2026
34,4168,6,13,40,43,45,54,184000000,30/01/2026
34,4167,8,19,35,48,51,54,182100000,28/01/2026
34,4166,12,18,20,26,38,51,180000000,25/01/2026
34,4165,9,13,18,21,37,46,177700000,23/01/2026
34,4164,4,22,26,30,35,53,175400000,21/01/2026
34,4163,23,32,35,40,48,54,173200000,18/01/2026
34,4162,31,37,42,45,54,55,170600000,16/01/2026
34,4161,7,10,15,20,40,45,168300000,14/01/2026
34,4160,14,15,16,18,36,50,166400000,11/01/2026
34,4159,9,18,25,32,50,52,163900000,09/01/2026
34,4158,1,16,20,23,25,34,161700000,07/01/2026
34,4157,8,10,27,41,47,50,159800000,04/01/2026
34,4156,8,24,32,42,43,54,156800000,02/01/2026
34,4155,5,16,27,44,45,49,153700000,31/12/2025
34,4154,15,29,33,35,43,46,151500000,28/12/2025
34,4153,14,16,32,48,51,55,148700000,26/12/2025
34,4152,3,5,14,48,54,55,145300000,24/12/2025
34,4151,13,17,23,24,30,43,143500000,21/12/2025
34,4150,9,11,22,28,33,47,141400000,19/12/2025
34,4149,2,31,34,45,46,56,138700000,17/12/2025
34,4148,16,39,47,48,51,56,136700000,14/12/2025
34,4147,7,13,19,23,35,48,134000000,12/12/2025
34,4146,10,30,34,42,46,53,131700000,10/12/2025
34,4145,1,13,22,28,31,56,129700000,07/12/2025
34,4144,5,6,19,45,47,54,127400000,05/12/2025
34,4143,24,32,40,44,45,55,124900000,03/12/2025
34,4142,16,21,31,42,44,52,123000000,30/11/2025
34,4141,7,26,30,31,34,41,120500000,28/11/2025
34,4140,13,14,23,33,38,47,118200000,26/11/2025
34,4139,2,3,22,25,32,51,116500000,23/11/2025
34,4138,2,5,14,38,51,53,114200000,21/11/2025
34,4137,2,3,10,18,28,54,112000000,19/11/2025
34,4136,5,7,11,35,45,54,110300000,16/11/2025
34,4135,3,6,13,37,50,54,108100000,14/11/2025
34,4134,5,16,21,41,45,50,105900000,12/11/2025
34,4133,6,11,17,20,28,46,104100000,09/11/2025
34,4132,15,16,38,41,43,48,101700000,07/11/2025
34,4131,9,20,27,34,42,43,99300000,05/11/2025
34,4130,2,3,18,28,48,56,97800000,02/11/2025
34,4129,13,16,30,31,33,43,95500000,31/10/2025
34,4128,12,33,36,38,43,52,93500000,29/10/2025
34,4127,13,23,28,40,49,50,92000000,26/10/2025
34,4126,3,28,36,41,47,55,89900000,24/10/2025
34,4125,2,6,10,35,44,56,87700000,22/10/2025
34,4124,3,14,22,37,41,48,86000000,19/10/2025
34,4123,8,22,38,43,50,52,83800000,17/10/2025
34,4122,9,10,24,42,44,51,81700000,15/10/2025
34,4121,3,12,20,35,45,46,80200000,12/10/2025
34,4120,3,8,20,29,35,51,78300000,10/10/2025
34,4119,5,26,34,42,49,53,76300000,08/10/2025
34,4118,1,6,9,11,40,53,74700000,05/10/2025
34,4117,19,26,42,47,50,51,72600000,03/10/2025
34,4116,3,16,17,27,29,48,70500000,01/10/2025
34,4115,15,17,25,29,45,47,68900000,28/09/2025
34,4114,4,5,11,26,35,40,66900000,26/09/2025
34,4113,4,12,13,27,39,55,64900000,24/09/2025
34,4112,8,29,38,40,46,51,63300000,21/09/2025
34,4111,3,4,13,22,35,52,61300000,19/09/2025
34,4110,15,22,28,39,51,53,59300000,17/09/2025
34,4109,4,13,21,23,27,31,57700000,14/09/2025
34,4108,8,16,21,28,36,38,55900000,12/09/2025
34,4107,1,5,15,35,42,55,53900000,10/09/2025
34,4106,2,12,17,29,35,55,52300000,07/09/2025
34,4105,7,8,26,38,40,52,50200000,05/09/2025
34,4104,12,16,28,38,44,50,48000000,03/09/2025
34,4103,14,19,21,34,49,52,46500000,31/08/2025
34,4102,7,12,26,28,46,47,44500000,29/08/2025
34,4101,15,26,32,35,47,49,42700000,27/08/2025
34,4100,3,34,35,37,39,40,40700000,24/08/2025
34,4099,1,21,38,47,50,52,38800000,22/08/2025
34,4098,7,10,23,28,37,52,37400000,20/08/2025
34,4097,4,22,33,39,40,54,35700000,17/08/2025
34,4096,8,14,16,26,34,35,34000000,15/08/2025
34,4095,9,15,19,21,25,33,32100000,13/08/2025
34,4094,13,15,17,43,52,55,30500000,10/08/2025
34,4093,6,33,36,49,53,56,28500000,08/08/2025
34,4092,21,28,36,37,40,47,26600000,06/08/2025
34,4091,5,9,13,18,25,39,25100000,03/08/2025
34,4090,2,3,14,38,41,51,23300000,01/08/2025
34,4089,9,10,20,35,37,46,21500000,30/07/2025
34,4088,4,8,24,25,42,43,20100000,27/07/2025
34,4087,1,10,20,41,42,48,18000000,25/07/2025
34,4086,2,33,43,47,51,53,16100000,23/07/2025
34,4085,13,25,26,32,50,55,14600000,20/07/2025
34,4084,11,20,28,43,49,51,12700000,18/07/2025
34,4083,14,26,35,46,50,54,10600000,16/07/2025
34,4082,7,21,35,52,53,56,10400000,13/07/2025
34,4081,8,20,27,30,31,49,10300000,11/07/2025
34,4080,4,6,15,19,38,45,10200000,09/07/2025
34,4079,11,19,32,33,44,46,10100000,06/07/2025
34,4078,1,7,19,32,40,47,10000000,04/07/2025
34,4077,1,19,33,34,36,47,139300000,02/07/2025
34,4076,9,20,37,47,50,52,137800000,29/06/2025
34,4075,1,15,19,35,36,49,135900000,27/06/2025
34,4074,17,24,26,31,39,51,133700000,25/06/2025
34,4073,21,22,36,39,54,55,132200000,22/06/2025
34,4072,24,29,30,31,47,53,130200000,20/06/2025
34,4071,9,15,31,40,45,50,128100000,18/06/2025
34,4070,1,17,18,33,46,49,126300000,15/06/2025
34,4069,20,22,24,33,48,50,124100000,13/06/2025
34,4068,7,27,42,44,55,56,122000000,11/06/2025
34,4067,7,20,27,35,38,48,120500000,08/06/2025
34,4066,1,5,7,23,38,42,118300000,06/06/2025
34,4065,3,6,18,29,48,53,116000000,04/06/2025
34,4064,4,37,40,44,49,56,114300000,01/06/2025
34,4063,9,26,38,40,46,55,112100000,30/05/2025
34,4062,1,7,30,31,49,54,109700000,28/05/2025
34,4061,10,23,29,38,41,50,107900000,25/05/2025
34,4060,3,6,11,36,42,46,106000000,23/05/2025
34,4059,10,21,35,45,48,53,104000000,21/05/2025
34,4058,2,14,40,45,49,53,102300000,18/05/2025
34,4057,18,33,36,40,48,52,100000000,16/05/2025
34,4056,21,27,29,30,45,48,98000000,14/05/2025
34,4055,4,29,35,41,52,55,96200000,11/05/2025
34,4054,8,12,16,46,47,52,94100000,09/05/2025
34,4053,2,14,17,20,21,33,92000000,07/05/2025
34,4052,29,33,36,42,44,46,90200000,04/05/2025
34,4051,23,42,44,47,50,51,88100000,02/05/2025
34,4050,1,10,16,21,29,50,86000000,30/04/2025
34,4049,14,22,28,42,52,55,84400000,27/04/2025
34,4048,14,27,33,39,50,56,82500000,25/04/2025
34,4047,3,9,14,30,32,43,80500000,23/04/2025
34,4046,1,2,20,40,46,48,79000000,20/04/2025
34,4045,9,20,23,25,53,54,77000000,18/04/2025
34,4044,4,18,25,40,41,44,75000000,16/04/2025
34,4043,11,13,17,23,42,50,73800000,13/04/2025
34,4042,13,29,37,38,46,51,71800000,11/04/2025
34,4041,1,5,12,25,37,49,69500000,09/04/2025
34,4040,16,24,37,48,49,53,68000000,06/04/2025
34,4039,10,18,35,38,39,55,65900000,04/04/2025
34,4038,19,20,27,31,41,47,63700000,02/04/2025
34,4037,14,26,32,33,43,48,62000000,30/03/2025
34,4036,5,19,26,37,43,44,60000000,28/03/2025
34,4035,12,26,30,33,40,43,58000000,26/03/2025
34,4034,8,9,21,30,31,32,56500000,23/03/2025
34,4033,7,10,15,34,37,41,54500000,21/03/2025
34,4032,11,15,22,23,28,46,52600000,19/03/2025
34,4031,7,10,12,18,36,53,51000000,16/03/2025
34,4030,7,16,22,27,30,47,49100000,14/03/2025
34,4029,1,11,17,31,49,51,47300000,12/03/2025
34,4028,8,20,28,33,43,47,45700000,09/03/2025
34,4027,8,10,15,36,44,51,43700000,07/03/2025
34,4026,2,7,20,26,28,47,41600000,05/03/2025
34,4025,20,21,22,37,43,55,39700000,02/03/2025
34,4024,5,10,30,31,35,50,37700000,28/02/2025
34,4023,13,19,37,42,51,55,35700000,26/02/2025
34,4022,2,15,31,37,41,52,34300000,23/02/2025
34,4021,10,13,27,28,45,54,32500000,21/02/2025
34,4020,12,19,21,32,38,53,30500000,19/02/2025
34,4019,2,16,26,42,53,55,29400000,16/02/2025
34,4018,10,12,13,14,36,48,27700000,14/02/2025
34,4017,1,10,27,32,33,34,25700000,12/02/2025
34,4016,8,24,29,37,43,52,24000000,09/02/2025
34,4015,12,15,23,35,40,42,21700000,07/02/2025
34,4014,1,13,34,39,46,55,19500000,05/02/2025
34,4013,11,18,33,36,50,55,17800000,02/02/2025
34,4012,10,12,14,25,31,37,15700000,31/01/2025
34,4011,8,14,16,23,54,56,13700000,29/01/2025
34,4010,10,23,30,31,41,45,12000000,26/01/2025
34,4009,1,2,15,37,43,49,10400000,24/01/2025
34,4008,12,15,19,23,44,55,10300000,22/01/2025
34,4007,15,19,22,28,29,31,10200000,19/01/2025
34,4006,1,12,13,19,22,37,10100000,17/01/2025
34,4005,2,17,24,27,28,54,10000000,15/01/2025
34,4004,9,21,22,23,31,34,24300000,12/01/2025
34,4003,24,34,37,39,45,54,22200000,10/01/2025
34,4002,1,20,29,33,40,43,19500000,08/01/2025
34,4001,1,2,5,10,30,49,17700000,05/01/2025
34,4000,4,24,38,43,48,56,15700000,03/01/2025
34,3999,4,6,11,31,45,48,13300000,01/01/2025
34,3998,16,21,23,40,41,54,11300000,29/12/2024
34,3997,3,4,11,21,31,55,10400000,27/12/2024
34,3996,18,22,23,34,39,51,10300000,25/12/2024
34,3995,1,24,40,50,51,56,10200000,22/12/2024
34,3994,1,12,15,27,33,39,10100000,20/12/2024
34,3993,5,19,21,26,50,52,10000000,18/12/2024
34,3992,9,19,25,43,47,54,60100000,15/12/2024
34,3991,1,27,47,48,53,56,57900000,13/12/2024
34,3990,14,27,31,34,36,56,56300000,11/12/2024
34,3989,2,28,35,46,50,53,54700000,08/12/2024
34,3988,6,11,15,34,37,45,52300000,06/12/2024
34,3987,5,6,30,36,40,47,50300000,04/12/2024
34,3986,16,22,34,36,42,46,48500000,01/12/2024
34,3985,4,19,28,37,38,56,46400000,29/11/2024
34,3984,19,25,32,35,53,54,44500000,27/11/2024
34,3983,1,6,10,20,29,48,43000000,24/11/2024
34,3982,5,14,15,23,25,40,41300000,22/11/2024
34,3981,12,23,31,46,49,54,39200000,20/11/2024
34,3980,17,20,21,46,51,52,37600000,17/11/2024
34,3979,14,20,26,27,30,55,35500000,15/11/2024
34,3978,4,17,20,46,49,56,33500000,13/11/2024
34,3977,16,20,27,30,44,56,32000000,10/11/2024
34,3976,3,11,33,42,43,52,30100000,08/11/2024
34,3975,1,6,18,29,35,41,28100000,06/11/2024
34,3974,13,22,30,39,40,49,26300000,03/11/2024
34,3973,5,15,33,44,48,54,24500000,01/11/2024
34,3972,8,18,24,33,36,55,22600000,30/10/2024
34,3971,6,16,30,32,47,49,21100000,27/10/2024
34,3970,9,12,31,49,53,54,19300000,25/10/2024
34,3969,2,12,42,46,49,53,17300000,23/10/2024
34,3968,4,20,29,43,45,48,16000000,20/10/2024
34,3967,10,17,32,35,46,53,14300000,18/10/2024
34,3966,14,26,27,30,31,37,12300000,16/10/2024
34,3965,15,16,42,46,47,54,10700000,13/10/2024
34,3964,6,13,22,33,49,56,10400000,11/10/2024
34,3963,14,17,32,36,38,56,10300000,09/10/2024
34,3962,10,14,20,24,26,27,10200000,06/10/2024
34,3961,5,9,13,16,18,53,10100000,04/10/2024
34,3960,3,7,10,17,20,52,10000000,02/10/2024
34,3959,25,28,31,43,47,49,41300000,29/09/2024
34,3958,9,17,28,31,46,48,39500000,27/09/2024
34,3957,15,27,33,38,52,55,37500000,25/09/2024
34,3956,13,22,24,38,53,55,36000000,22/09/2024
34,3955,7,13,16,20,21,28,34000000,20/09/2024
34,3954,9,12,16,20,24,48,32200000,18/09/2024
34,3953,15,23,29,39,51,54,30800000,15/09/2024
34,3952,13,32,40,45,46,54,28700000,13/09/2024
34,3951,1,20,26,37,53,55,26700000,11/09/2024
34,3950,12,31,38,41,42,47,25000000,08/09/2024
34,3949,4,8,36,51,52,54,23000000,06/09/2024
34,3948,12,21,25,33,43,50,21000000,04/09/2024
34,3947,13,14,16,23,42,43,19500000,01/09/2024
34,3946,14,26,27,34,37,45,17700000,30/08/2024
34,3945,15,19,25,27,47,53,15800000,28/08/2024
34,3944,4,16,39,42,44,47,14300000,25/08/2024
34,3943,8,14,28,47,48,56,10700000,23/08/2024
34,3942,11,21,26,31,34,53,10500000,21/08/2024
34,3941,1,8,10,13,40,54,10400000,18/08/2024
34,3940,9,17,31,41,49,51,10300000,16/08/2024
34,3939,4,12,14,38,43,51,10200000,14/08/2024
34,3938,5,10,26,37,50,51,10100000,11/08/2024
34,3937,4,17,24,26,27,51,10000000,09/08/2024
34,3936,1,9,11,32,42,50,46000000,07/08/2024
34,3935,7,12,13,26,46,56,44500000,04/08/2024
34,3934,5,6,12,13,21,38,42500000,02/08/2024
34,3933,6,19,29,34,40,48,40700000,31/07/2024
34,3932,26,31,32,39,47,53,39300000,28/07/2024
34,3931,1,9,10,13,30,31,37500000,26/07/2024
34,3930,12,15,16,31,35,48,35900000,24/07/2024
34,3929,3,6,16,26,45,48,34300000,21/07/2024
34,3928,7,10,18,23,43,46,32300000,19/07/2024
34,3927,5,11,36,38,41,42,30500000,17/07/2024
34,3926,9,14,25,39,42,55,29300000,14/07/2024
34,3925,8,10,13,14,15,43,27300000,12/07/2024
34,3924,2,30,35,44,53,54,25300000,10/07/2024
34,3923,2,6,13,27,37,47,23800000,07/07/2024
34,3922,30,39,45,47,55,56,22300000,05/07/2024
34,3921,2,16,17,27,43,56,20300000,03/07/2024
34,3920,6,13,27,39,40,41,18500000,30/06/2024
34,3919,16,18,22,29,34,55,16700000,28/06/2024
34,3918,2,25,37,41,43,54,15000000,26/06/2024
34,3917,18,25,28,49,53,55,13600000,23/06/2024
34,3916,7,13,23,25,34,44,10600000,21/06/2024
34,3915,6,9,17,21,34,47,10500000,19/06/2024
34,3914,9,18,21,36,44,46,10400000,16/06/2024
34,3913,8,14,26,27,29,54,10300000,14/06/2024
34,3912,14,23,24,31,36,49,10200000,12/06/2024
34,3911,9,21,29,30,37,38,10100000,09/06/2024
34,3910,1,10,16,17,40,41,10000000,07/06/2024
34,3909,5,15,27,39,50,53,369300000,05/06/2024
34,3908,5,6,19,31,33,43,367500000,02/06/2024
34,3907,10,25,46,49,50,52,365000000,31/05/2024
34,3906,7,10,19,26,28,34,363100000,29/05/2024
34,3905,5,16,22,41,44,45,361500000,26/05/2024
34,3904,4,7,10,21,33,36,359300000,24/05/2024
34,3903,6,21,23,42,43,52,357100000,22/05/2024
34,3902,2,4,20,22,43,47,355500000,19/05/2024
34,3901,20,27,34,41,42,45,353300000,17/05/2024
34,3900,18,23,26,42,45,50,351000000,15/05/2024
34,3899,2,5,16,20,21,47,349300000,12/05/2024
34,3898,26,28,29,40,44,49,347100000,10/05/2024
34,3897,15,18,37,40,47,52,344800000,08/05/2024
34,3896,2,9,36,43,44,51,342900000,05/05/2024
34,3895,17,21,24,32,40,42,340600000,03/05/2024
34,3894,16,18,23,27,34,45,338300000,01/05/2024
34,3893,15,21,29,35,49,51,336700000,28/04/2024
34,3892,9,10,13,29,39,56,334500000,26/04/2024
34,3891,3,7,15,21,22,56,332300000,24/04/2024
34,3890,11,16,23,40,44,54,330600000,21/04/2024
34,3889,15,20,38,39,46,52,328400000,19/04/2024
34,3888,9,24,29,40,42,51,326000000,17/04/2024
34,3887,11,13,17,20,43,51,324300000,14/04/2024
34,3886,3,14,23,28,37,44,322000000,12/04/2024
34,3885,1,11,14,35,41,52,319700000,10/04/2024
34,3884,13,19,29,39,43,49,318000000,07/04/2024
34,3883,13,20,22,37,41,42,315900000,05/04/2024
34,3882,2,7,32,43,47,48,313700000,03/04/2024
34,3881,2,4,19,26,37,56,312000000,31/03/2024
34,3880,5,11,26,29,39,56,310100000,29/03/2024
34,3879,8,12,24,37,53,55,308000000,27/03/2024
34,3878,3,33,37,43,45,49,306800000,24/03/2024
34,3877,18,20,45,47,54,55,304500000,22/03/2024
34,3876,3,12,24,50,52,54,302300000,20/03/2024
34,3875,31,32,36,40,44,50,300800000,17/03/2024
34,3874,6,10,15,24,28,46,298600000,15/03/2024
34,3873,2,5,13,19,25,32,296400000,13/03/2024
34,3872,11,26,31,34,45,51,294900000,10/03/2024
34,3871,17,31,36,43,44,54,292900000,08/03/2024
34,3870,4,7,41,42,43,45,290600000,06/03/2024
34,3869,3,4,20,23,26,35,288800000,03/03/2024
34,3868,3,17,18,29,33,40,286500000,01/03/2024
34,3867,13,19,29,40,45,54,284400000,28/02/2024
34,3866,2,4,6,29,53,56,282800000,25/02/2024
34,3865,2,7,22,27,53,54,280600000,23/02/2024
34,3864,3,5,7,18,20,53,278500000,21/02/2024
34,3863,5,11,28,31,32,56,276900000,18/02/2024
34,3862,10,17,24,37,44,51,274700000,16/02/2024
34,3861,13,14,21,26,37,54,272700000,14/02/2024
34,3860,10,19,23,43,45,55,271100000,11/02/2024
34,3859,15,17,19,22,53,56,268900000,09/02/2024
34,3858,19,21,26,41,43,48,267000000,07/02/2024
34,3857,1,6,10,25,36,54,265500000,04/02/2024
34,3856,11,12,26,35,46,52,263300000,02/02/2024
34,3855,14,25,31,32,37,55,260900000,31/01/2024
34,3854,8,10,11,17,42,47,259100000,28/01/2024
34,3853,10,28,36,43,49,53,257000000,26/01/2024
34,3852,21,23,26,33,38,51,254700000,24/01/2024
34,3851,3,15,29,39,50,55,252900000,21/01/2024
34,3850,15,22,23,37,43,56,250700000,19/01/2024
34,3849,4,11,25,42,43,49,248400000,17/01/2024
34,3848,2,7,11,22,42,49,246700000,14/01/2024
34,3847,8,17,32,52,53,56,244400000,12/01/2024
34,3846,12,14,44,50,52,55,242100000,10/01/2024
34,3845,1,6,15,25,31,54,240200000,07/01/2024
34,3844,13,27,35,45,49,51,238100000,05/01/2024
34,3843,10,29,34,40,46,54,235700000,03/01/2024
34,3842,5,9,27,29,32,53,233500000,31/12/2023
34,3841,2,6,7,16,37,50,231100000,29/12/2023
34,3840,1,9,27,29,36,45,229200000,27/12/2023
34,3839,2,14,20,47,49,55,227500000,24/12/2023
34,3838,14,18,33,34,47,56,225100000,22/12/2023
34,3837,4,14,19,27,33,35,223000000,20/12/2023
34,3836,7,11,17,29,33,36,221200000,17/12/2023
34,3835,2,36,43,46,50,51,219100000,15/12/2023
34,3834,15,18,31,40,41,54,216900000,13/12/2023
34,3833,4,14,31,36,47,49,215400000,10/12/2023
34,3832,3,21,46,48,55,56,213400000,08/12/2023
34,3831,8,17,22,25,41,49,211200000,06/12/2023
34,3830,18,23,43,45,48,52,209400000,03/12/2023
34,3829,25,27,36,44,47,56,207300000,01/12/2023
34,3828,7,9,24,29,31,55,205100000,29/11/2023
34,3827,6,19,41,46,52,54,203600000,26/11/2023
34,3826,4,5,24,37,43,53,201700000,24/11/2023
34,3825,24,31,41,43,52,53,199700000,22/11/2023
34,3824,24,28,31,42,45,49,198300000,19/11/2023
34,3823,12,21,25,31,36,51,196200000,17/11/2023
34,3822,13,14,17,18,27,44,194000000,15/11/2023
34,3821,30,32,35,41,49,53,192500000,12/11/2023
34,3820,27,29,33,44,54,55,190400000,10/11/2023
34,3819,1,8,16,26,35,55,188200000,08/11/2023
34,3818,10,24,27,32,34,47,186600000,05/11/2023
34,3817,9,11,15,24,26,45,184600000,03/11/2023
34,3816,14,44,46,49,53,55,182600000,01/11/2023
34,3815,16,19,34,37,44,45,181100000,29/10/2023
34,3814,19,28,29,32,36,50,179200000,27/10/2023
34,3813,15,22,24,34,35,38,177300000,25/10/2023
34,3812,30,31,36,46,47,51,175900000,22/10/2023
34,3811,3,16,22,26,29,30,173700000,20/10/2023
34,3810,19,22,23,40,44,53,171500000,18/10/2023
34,3809,18,19,23,33,43,50,169700000,15/10/2023
34,3808,1,2,9,27,47,53,167500000,13/10/2023
34,3807,3,24,32,34,49,50,165400000,11/10/2023
34,3806,6,13,18,27,43,47,163900000,08/10/2023
34,3805,1,5,33,43,52,55,161800000,06/10/2023
34,3804,7,11,26,37,48,52,159500000,04/10/2023
34,3803,5,9,11,21,32,35,157900000,01/10/2023
34,3802,23,24,25,35,41,54,155700000,29/09/2023
34,3801,7,23,26,30,38,47,153700000,27/09/2023
34,3800,5,30,42,48,49,52,152200000,24/09/2023
34,3799,18,20,28,41,51,54,150200000,22/09/2023
34,3798,12,14,17,24,36,54,148200000,20/09/2023
34,3797,3,9,15,33,39,41,146200000,17/09/2023
34,3796,6,10,30,38,47,49,144100000,15/09/2023
34,3795,15,16,27,31,49,54,142400000,13/09/2023
34,3794,2,3,39,41,43,44,140900000,10/09/2023
34,3793,7,28,33,35,40,46,139000000,08/09/2023
34,3792,4,16,26,31,32,38,136800000,06/09/2023
34,3791,10,17,21,26,44,50,135300000,03/09/2023
34,3790,1,3,19,25,28,33,133300000,01/09/2023
34,3789,1,5,7,17,43,49,131300000,30/08/2023
34,3788,2,5,15,16,34,38,129900000,27/08/2023
34,3787,1,6,28,36,39,49,127900000,25/08/2023
34,3786,4,5,24,28,38,50,126000000,23/08/2023
34,3785,17,29,30,34,42,52,124600000,20/08/2023
34,3784,4,7,8,37,42,50,122500000,18/08/2023
34,3783,12,14,26,27,33,55,120400000,16/08/2023
34,3782,9,20,29,43,46,49,119000000,13/08/2023
34,3781,20,28,33,51,52,53,117100000,11/08/2023
34,3780,1,3,5,13,17,34,115000000,09/08/2023
34,3779,27,31,36,43,44,51,113600000,06/08/2023
34,3778,11,14,21,32,43,54,111500000,04/08/2023
34,3777,6,9,15,36,39,44,109600000,02/08/2023
34,3776,9,12,14,18,40,46,108200000,30/07/2023
34,3775,5,24,35,37,42,44,106300000,28/07/2023
34,3774,6,9,34,35,36,43,104300000,26/07/2023
34,3773,6,17,19,30,38,40,103000000,23/07/2023
34,3772,8,17,18,30,36,45,101100000,21/07/2023
34,3771,23,34,38,43,45,53,99100000,19/07/2023
34,3770,34,35,37,44,45,52,97700000,16/07/2023
34,3769,9,11,35,40,43,55,95900000,14/07/2023
34,3768,4,5,6,15,18,46,93900000,12/07/2023
34,3767,9,25,31,36,42,51,92500000,09/07/2023
34,3766,6,15,28,38,39,42,90400000,07/07/2023
34,3765,3,24,29,30,37,50,88500000,05/07/2023
34,3764,9,15,25,47,49,56,87200000,02/07/2023
34,3763,8,10,15,43,45,46,85300000,30/06/2023
34,3762,23,32,36,43,48,52,83500000,28/06/2023
34,3761,4,11,24,31,43,49,82200000,25/06/2023
34,3760,5,10,15,21,29,49,80400000,23/06/2023
34,3759,15,26,31,39,45,51,78600000,21/06/2023
34,3758,2,4,22,27,35,42,77300000,18/06/2023
34,3757,1,5,8,19,28,32,75600000,16/06/2023
34,3756,14,24,31,35,42,48,73800000,14/06/2023
34,3755,4,15,26,37,46,56,72700000,11/06/2023
34,3754,8,9,24,29,44,54,70800000,09/06/2023
34,3753,11,21,26,29,47,49,69000000,07/06/2023
34,3752,6,22,29,37,39,42,67800000,04/06/2023
34,3751,10,20,28,31,41,45,65800000,02/06/2023
34,3750,14,15,24,33,41,53,64000000,31/05/2023
34,3749,9,31,44,46,50,56,62800000,28/05/2023
34,3748,17,22,24,27,28,55,61100000,26/05/2023
34,3747,10,11,20,26,41,44,59400000,24/05/2023
34,3746,1,15,21,22,25,31,58200000,21/05/2023
34,3745,4,24,40,46,50,51,56500000,19/05/2023
34,3744,7,11,15,27,31,41,54600000,17/05/2023
34,3743,3,16,18,19,20,49,53200000,14/05/2023
34,3742,10,17,36,42,55,56,51500000,12/05/2023
34,3741,16,26,32,35,44,51,49900000,10/05/2023
34,3740,3,4,7,8,17,21,48500000,07/05/2023
34,3739,10,16,24,27,29,34,46700000,05/05/2023
34,3738,6,22,25,27,37,39,44900000,03/05/2023
34,3737,25,27,43,45,52,55,43800000,30/04/2023
34,3736,4,9,14,30,32,33,42300000,28/04/2023
34,3735,14,24,38,39,49,55,40600000,26/04/2023
34,3734,2,14,23,36,37,43,39500000,23/04/2023
34,3733,2,7,24,36,38,43,37700000,21/04/2023
34,3732,2,3,10,15,41,46,35900000,19/04/2023
34,3731,10,16,25,27,39,40,34700000,16/04/2023
34,3730,12,13,21,23,29,32,32900000,14/04/2023
34,3729,3,6,17,18,39,54,31200000,12/04/2023
34,3728,1,7,11,45,52,54,30100000,09/04/2023
34,3727,2,15,27,37,42,54,28500000,07/04/2023
34,3726,3,16,25,32,35,39,26700000,05/04/2023
34,3725,20,27,31,39,40,47,25700000,02/04/2023
34,3724,6,14,36,42,48,56,24200000,31/03/2023
34,3723,10,30,32,36,48,52,22700000,29/03/2023
34,3722,1,3,14,17,19,21,21500000,26/03/2023
34,3721,19,29,40,42,49,55,19800000,24/03/2023
34,3720,15,23,26,32,45,46,18200000,22/03/2023
34,3719,5,6,11,24,40,43,17000000,19/03/2023
34,3718,5,9,14,24,31,43,15400000,17/03/2023
34,3717,3,19,32,50,52,54,13600000,15/03/2023
34,3716,4,19,21,23,32,55,12500000,12/03/2023
34,3715,1,4,10,13,28,37,10900000,10/03/2023
34,3714,7,10,16,37,44,48,10500000,08/03/2023
34,3713,31,39,40,47,50,53,10400000,05/03/2023
34,3712,12,14,15,28,38,45,10300000,03/03/2023
34,3711,6,16,17,35,43,46,10200000,01/03/2023
34,3710,7,26,33,42,50,55,10100000,26/02/2023
34,3709,1,8,23,29,30,44,10000000,24/02/2023
34,3708,3,6,33,42,45,52,10100000,22/02/2023
34,3707,11,14,15,27,33,49,10000000,19/02/2023
34,3706,14,32,37,39,50,51,32100000,17/02/2023
34,3705,5,7,9,40,42,45,30200000,15/02/2023
34,3704,10,14,39,41,44,49,29000000,12/02/2023
34,3703,5,22,24,36,42,50,27100000,10/02/2023
34,3702,7,9,23,32,54,55,25500000,08/02/2023
34,3701,27,29,32,34,46,53,24000000,05/02/2023
34,3700,13,23,25,32,42,54,22100000,03/02/2023
34,3699,13,16,36,38,42,55,20100000,01/02/2023
34,3698,1,11,13,46,50,55,18900000,29/01/2023
34,3697,13,14,20,25,48,50,17100000,27/01/2023
34,3696,2,9,20,29,48,50,15300000,25/01/2023
34,3695,3,11,38,44,45,53,14100000,22/01/2023
34,3694,1,12,16,20,49,54,12200000,20/01/2023
34,3693,18,19,32,33,37,49,10500000,18/01/2023
34,3692,15,37,42,43,49,51,10400000,15/01/2023
34,3691,5,10,14,15,22,40,10300000,13/01/2023
34,3690,12,13,17,28,29,53,10200000,11/01/2023
34,3689,30,31,33,35,37,46,10100000,08/01/2023
34,3688,1,10,16,26,49,50,10000000,06/01/2023
34,3687,1,8,16,27,37,49,29000000,04/01/2023
34,3686,13,22,25,43,51,54,27200000,01/01/2023
34,3685,3,7,8,26,31,48,25000000,30/12/2022
34,3684,19,21,22,27,45,54,23400000,28/12/2022
34,3683,11,16,19,22,25,47,22400000,25/12/2022
34,3682,6,11,16,25,27,45,20500000,23/12/2022
34,3681,3,8,34,40,48,52,18800000,21/12/2022
34,3680,3,16,20,24,49,51,17400000,18/12/2022
34,3679,9,16,17,33,46,49,15000000,16/12/2022
34,3678,1,9,12,24,26,28,13000000,14/12/2022
34,3677,10,15,21,25,26,28,11600000,11/12/2022
34,3676,4,31,36,38,42,55,10400000,09/12/2022
34,3675,1,18,35,53,55,56,10300000,07/12/2022
34,3674,3,15,17,24,49,53,10200000,04/12/2022
34,3673,11,14,15,21,24,51,10100000,02/12/2022
34,3672,6,14,27,37,42,54,10000000,30/11/2022
34,3671,5,25,28,34,36,38,62200000,27/11/2022
34,3670,3,20,22,26,45,50,60200000,25/11/2022
34,3669,3,11,29,33,44,45,58200000,23/11/2022
34,3668,9,19,33,38,40,50,56800000,20/11/2022
34,3667,5,16,18,22,31,32,54600000,18/11/2022
34,3666,8,12,34,37,45,54,52400000,16/11/2022
34,3665,4,11,12,23,48,52,50900000,13/11/2022
34,3664,4,6,15,33,34,56,48800000,11/11/2022
34,3663,11,21,32,39,43,49,46600000,09/11/2022
34,3662,2,18,28,30,50,53,45200000,06/11/2022
34,3661,21,28,37,39,43,54,42900000,04/11/2022
34,3660,4,10,18,32,48,50,40800000,02/11/2022
34,3659,4,9,43,44,45,46,39500000,30/10/2022
34,3658,1,28,30,31,48,49,37800000,28/10/2022
34,3657,9,10,15,24,53,56,35600000,26/10/2022
34,3656,10,19,22,28,48,56,34300000,23/10/2022
34,3655,7,10,34,37,50,52,32300000,21/10/2022
34,3654,26,31,36,38,39,40,30500000,19/10/2022
34,3653,5,15,16,41,44,45,29100000,16/10/2022
34,3652,4,30,39,41,43,49,27100000,14/10/2022
34,3651,3,23,44,46,50,54,25300000,12/10/2022
34,3650,24,30,33,38,39,46,24000000,09/10/2022
34,3649,6,17,20,21,31,55,22000000,07/10/2022
34,3648,1,31,34,38,44,50,20300000,05/10/2022
34,3647,8,12,17,27,32,47,19000000,02/10/2022
34,3646,11,25,33,36,38,49,17100000,30/09/2022
34,3645,5,13,17,21,28,45,15300000,28/09/2022
34,3644,1,30,32,33,34,48,14200000,25/09/2022
34,3643,1,8,11,25,40,56,12200000,23/09/2022
34,3642,4,14,19,20,31,42,10600000,21/09/2022
34,3641,1,28,30,35,38,56,10500000,18/09/2022
34,3640,16,24,37,38,40,47,10400000,16/09/2022
34,3639,10,15,27,32,50,54,10300000,14/09/2022
34,3638,2,9,11,22,31,32,10200000,11/09/2022
34,3637,13,19,20,27,32,40,10100000,09/09/2022
34,3636,4,7,8,22,24,31,10000000,07/09/2022
34,3635,5,6,20,24,40,52,20200000,04/09/2022
34,3634,14,34,40,42,46,56,18400000,02/09/2022
34,3633,22,38,40,41,42,53,16700000,31/08/2022
34,3632,10,12,16,39,42,52,15400000,28/08/2022
34,3631,3,4,16,28,34,38,13800000,26/08/2022
34,3630,7,9,11,12,38,40,12200000,24/08/2022
34,3629,9,26,29,31,34,45,10900000,21/08/2022
34,3628,10,13,18,22,35,55,10500000,19/08/2022
34,3627,2,3,29,34,54,56,10400000,17/08/2022
34,3626,1,2,17,20,25,37,10300000,14/08/2022
34,3625,1,19,25,28,33,35,10200000,12/08/2022
34,3624,1,21,25,37,39,53,10100000,10/08/2022
34,3623,10,17,25,28,34,41,10000000,07/08/2022
34,3622,1,2,16,22,43,48,58600000,05/08/2022
34,3621,1,11,22,43,44,45,57000000,03/08/2022
34,3620,6,15,16,28,43,56,55700000,31/07/2022
34,3619,2,6,30,32,38,49,53900000,29/07/2022
34,3618,6,11,18,27,41,47,52300000,27/07/2022
34,3617,5,7,10,36,48,52,51000000,24/07/2022
34,3616,1,11,32,33,48,50,49300000,22/07/2022
34,3615,13,15,30,36,42,47,47600000,20/07/2022
34,3614,2,16,21,29,36,45,46300000,17/07/2022
34,3613,17,19,33,41,52,54,44600000,15/07/2022
34,3612,2,14,18,34,37,40,42900000,13/07/2022
34,3611,16,24,26,32,41,53,41600000,10/07/2022
34,3610,4,17,35,43,46,48,40000000,08/07/2022
34,3609,5,8,12,14,25,33,38100000,06/07/2022
34,3608,1,11,33,39,45,48,36700000,03/07/2022
34,3607,1,5,38,42,45,51,35200000,01/07/2022
34,3606,9,13,18,19,23,38,33500000,29/06/2022
34,3605,2,3,5,19,27,32,32300000,26/06/2022
34,3604,2,3,25,42,50,55,30600000,24/06/2022
34,3603,12,21,30,35,44,48,29000000,22/06/2022
34,3602,4,22,37,45,48,52,27900000,19/06/2022
34,3601,21,36,42,45,49,56,26200000,17/06/2022
34,3600,7,16,30,34,43,51,24500000,15/06/2022
34,3599,1,5,24,49,50,54,23400000,12/06/2022
34,3598,17,20,26,28,54,55,21800000,10/06/2022
34,3597,2,14,20,21,28,47,20200000,08/06/2022
34,3596,6,17,29,38,41,53,18900000,05/06/2022
34,3595,4,5,9,38,42,54,17300000,03/06/2022
34,3594,17,33,38,40,50,55,15700000,01/06/2022
34,3593,8,22,29,30,34,55,14600000,29/05/2022
34,3592,4,10,25,33,40,50,11100000,27/05/2022
34,3591,27,31,34,43,50,54,11000000,25/05/2022
34,3590,6,7,24,43,44,46,10500000,22/05/2022
34,3589,27,31,33,39,49,54,10400000,20/05/2022
34,3588,3,5,17,44,45,55,10300000,18/05/2022
34,3587,12,21,24,26,45,48,10100000,15/05/2022
34,3586,6,8,10,14,30,32,10100000,13/05/2022
34,3585,6,14,23,35,46,56,10000000,11/05/2022
34,3584,7,14,19,38,40,43,37700000,08/05/2022
34,3583,14,18,25,37,51,55,35700000,06/05/2022
34,3582,4,25,35,40,42,56,33800000,04/05/2022
34,3581,10,28,34,36,42,54,32500000,01/05/2022
34,3580,2,12,20,22,40,55,30800000,29/04/2022
34,3579,11,13,23,34,44,53,29000000,27/04/2022
34,3578,18,22,39,40,44,46,27700000,24/04/2022
34,3577,1,18,19,27,44,46,25800000,22/04/2022
34,3576,8,14,28,30,35,44,24100000,20/04/2022
34,3575,28,29,32,37,38,46,23200000,17/04/2022
34,3574,13,15,27,34,42,44,21400000,15/04/2022
34,3573,20,21,40,48,53,54,19700000,13/04/2022
34,3572,9,10,21,25,28,46,18500000,10/04/2022
34,3571,4,11,14,22,29,47,16900000,08/04/2022
34,3570,2,5,32,35,49,51,15000000,06/04/2022
34,3569,1,2,22,33,45,46,13800000,03/04/2022
34,3568,17,24,25,36,37,38,12000000,01/04/2022
34,3567,35,41,42,46,47,51,10600000,30/03/2022
34,3566,4,6,22,40,54,56,10500000,27/03/2022
34,3565,2,8,11,16,27,48,10400000,25/03/2022
34,3564,1,2,17,33,52,56,10300000,23/03/2022
34,3563,8,16,42,43,46,48,10200000,20/03/2022
34,3562,9,33,37,38,48,56,10100000,18/03/2022
34,3561,10,21,22,38,41,55,10000000,16/03/2022
34,3560,8,25,37,38,39,43,116500000,13/03/2022
34,3559,11,17,18,33,36,47,114600000,11/03/2022
34,3558,16,23,25,27,34,38,112600000,09/03/2022
34,3557,1,7,15,21,55,56,111400000,06/03/2022
34,3556,4,7,13,26,27,39,109400000,04/03/2022
34,3555,2,12,24,35,38,55,107500000,02/03/2022
34,3554,7,12,19,31,40,47,106200000,27/02/2022
34,3553,21,23,45,51,53,56,104400000,25/02/2022
34,3552,2,8,11,35,52,54,102400000,23/02/2022
34,3551,26,37,42,44,54,55,101100000,20/02/2022
34,3550,3,6,7,20,46,56,99100000,18/02/2022
34,3549,4,21,32,40,53,54,97300000,16/02/2022
34,3548,2,14,17,29,47,50,96000000,13/02/2022
34,3547,6,23,31,35,43,55,94200000,11/02/2022
34,3546,10,29,41,51,54,56,92500000,09/02/2022
34,3545,18,25,37,48,52,55,91500000,06/02/2022
34,3544,11,14,20,44,48,53,89600000,04/02/2022
34,3543,1,14,24,43,52,53,87600000,02/02/2022
34,3542,5,31,35,47,48,50,86400000,30/01/2022
34,3541,19,33,34,38,46,49,84700000,28/01/2022
34,3540,3,6,19,25,41,52,82900000,26/01/2022
34,3539,11,19,20,22,32,56,81700000,23/01/2022
34,3538,1,4,7,21,23,29,80000000,21/01/2022
34,3537,6,12,15,32,46,55,78100000,19/01/2022
34,3536,2,11,21,22,30,35,77100000,16/01/2022
34,3535,1,3,24,29,34,50,75200000,14/01/2022
34,3534,6,16,23,34,47,52,73600000,12/01/2022
34,3533,3,10,15,16,38,40,72200000,09/01/2022
34,3532,5,7,17,20,34,41,70700000,07/01/2022
34,3531,1,8,28,31,45,49,69000000,05/01/2022
34,3530,17,21,34,39,41,43,67500000,02/01/2022
34,3529,4,9,17,19,53,56,65500000,31/12/2021
34,3528,1,15,26,38,47,52,63800000,29/12/2021
34,3527,10,20,24,35,55,56,62200000,26/12/2021
34,3526,3,7,36,48,54,55,60000000,24/12/2021
34,3525,10,17,21,31,33,55,58800000,22/12/2021
34,3524,17,33,40,42,46,52,58200000,19/12/2021
34,3523,9,12,25,28,35,53,57200000,17/12/2021
34,3522,6,11,31,40,44,47,54600000,15/12/2021
34,3521,16,32,40,43,50,51,52700000,12/12/2021
34,3520,27,32,40,43,47,55,51800000,10/12/2021
34,3519,3,14,27,29,30,51,50200000,08/12/2021
34,3518,2,6,9,10,20,29,49100000,05/12/2021
34,3517,2,3,16,26,34,56,47000000,03/12/2021
34,3516,15,16,35,42,49,55,45000000,01/12/2021
34,3515,2,22,23,26,46,52,44000000,28/11/2021
34,3514,5,13,16,22,25,41,42400000,26/11/2021
34,3513,19,34,38,44,47,49,41000000,24/11/2021
34,3512,23,25,27,30,35,50,40300000,21/11/2021
34,3511,1,2,6,14,25,52,38600000,17/11/2021
34,3510,8,11,39,43,44,47,36600000,14/11/2021
34,3509,2,3,11,26,37,38,34700000,10/11/2021
34,3508,1,23,24,37,38,41,32500000,07/11/2021
34,3507,17,24,33,36,37,45,30900000,03/11/2021
34,3506,2,10,13,14,18,53,29000000,31/10/2021
34,3505,5,7,30,38,53,56,27200000,27/10/2021
34,3504,1,6,26,35,42,56,25300000,24/10/2021
34,3503,21,24,31,33,39,41,23600000,20/10/2021
34,3502,4,11,34,37,39,56,21600000,17/10/2021
34,3501,5,23,37,45,49,53,19900000,13/10/2021
34,3500,13,22,24,27,38,46,18100000,10/10/2021
34,3499,10,24,27,28,51,55,16400000,06/10/2021
34,3498,24,28,36,50,52,56,14300000,03/10/2021
34,3497,2,18,23,37,43,44,12600000,29/09/2021
34,3496,10,13,14,20,24,33,10600000,26/09/2021
34,3495,2,12,26,41,42,45,10400000,22/09/2021
34,3494,4,15,22,24,32,48,10300000,19/09/2021
34,3493,19,20,22,29,51,52,10200000,15/09/2021
34,3492,24,25,40,45,46,56,10100000,12/09/2021
34,3491,8,9,16,18,36,49,10000000,08/09/2021
34,3490,2,11,25,37,49,50,108000000,05/09/2021
34,3489,10,13,18,24,30,52,105900000,01/09/2021
34,3488,2,25,36,44,46,50,104100000,29/08/2021
34,3487,2,4,7,24,40,50,102200000,25/08/2021
34,3486,3,4,14,19,45,56,100200000,22/08/2021
34,3485,4,14,18,32,50,55,98600000,18/08/2021
34,3484,1,3,23,24,42,46,96600000,15/08/2021
34,3483,1,4,9,14,24,27,94900000,11/08/2021
34,3482,6,16,18,19,26,52,93200000,08/08/2021
34,3481,1,7,16,33,47,56,91400000,04/08/2021
34,3480,3,20,28,37,39,48,89100000,01/08/2021
34,3479,2,5,14,38,39,47,87500000,28/07/2021
34,3478,19,21,33,42,50,55,85300000,25/07/2021
34,3477,18,20,23,26,34,38,83600000,21/07/2021
34,3476,19,27,34,36,43,46,81900000,18/07/2021
34,3475,11,12,27,39,48,55,80100000,14/07/2021
34,3474,7,13,16,23,37,48,78300000,11/07/2021
34,3473,7,10,11,15,41,53,76500000,07/07/2021
34,3472,4,20,26,36,49,51,74400000,04/07/2021
34,3471,5,8,15,23,29,49,72800000,30/06/2021
34,3470,11,19,20,42,47,53,70800000,27/06/2021
34,3469,3,10,15,20,47,53,69200000,23/06/2021
34,3468,9,20,22,31,41,55,67400000,20/06/2021
34,3467,4,12,15,29,30,42,65700000,16/06/2021
34,3466,14,15,32,45,47,56,64000000,13/06/2021
34,3465,4,12,36,40,48,53,62900000,09/06/2021
34,3464,7,16,40,44,45,48,61000000,06/06/2021
34,3463,21,24,28,34,45,48,59100000,02/06/2021
34,3462,7,10,21,25,38,47,56900000,30/05/2021
34,3461,6,7,16,21,32,50,55200000,26/05/2021
34,3460,1,4,34,36,51,54,53100000,23/05/2021
34,3459,17,20,40,42,43,55,51300000,19/05/2021
34,3458,15,32,36,50,51,55,49000000,16/05/2021
34,3457,15,27,28,32,44,51,47300000,12/05/2021
34,3456,17,25,43,44,50,55,45600000,09/05/2021
34,3455,3,21,25,39,43,48,44000000,05/05/2021
34,3454,10,25,26,30,40,46,41700000,02/05/2021
34,3453,3,18,21,27,49,56,40000000,28/04/2021
34,3452,6,13,43,45,49,50,38300000,25/04/2021
34,3451,35,40,43,44,46,47,36500000,21/04/2021
34,3450,14,15,19,40,43,56,34400000,18/04/2021
34,3449,5,11,14,15,41,48,32500000,14/04/2021
34,3448,10,15,18,25,44,54,30600000,11/04/2021
34,3447,2,22,26,28,44,47,28800000,07/04/2021
34,3446,8,9,17,27,45,51,26800000,04/04/2021
34,3445,11,19,21,36,47,53,25000000,31/03/2021
34,3444,8,13,16,17,48,54,23400000,28/03/2021
34,3443,2,18,30,31,45,47,21800000,24/03/2021
34,3442,17,20,32,35,39,54,19800000,21/03/2021
34,3441,2,10,13,14,51,55,17900000,17/03/2021
34,3440,6,7,28,43,44,52,16000000,14/03/2021
34,3439,20,22,25,50,52,55,14400000,10/03/2021
34,3438,2,10,14,15,24,48,12500000,07/03/2021
34,3437,4,10,13,14,22,37,10700000,03/03/2021
34,3436,1,12,22,25,35,51,10400000,28/02/2021
34,3435,18,20,26,32,42,55,10300000,24/02/2021
34,3434,1,10,28,51,54,56,10200000,21/02/2021
34,3433,2,19,38,40,44,54,10100000,17/02/2021
34,3432,4,7,12,25,26,35,10000000,14/02/2021
34,3431,6,14,16,24,27,45,46200000,10/02/2021
34,3430,16,35,37,42,46,48,44300000,07/02/2021
34,3429,6,9,26,51,52,54,42600000,03/02/2021
34,3428,7,18,19,29,40,56,40600000,31/01/2021
34,3427,6,15,17,25,32,41,38900000,27/01/2021
34,3426,10,14,23,29,48,49,36800000,24/01/2021
34,3425,10,12,21,31,34,43,35200000,20/01/2021
34,3424,4,22,29,41,48,51,33600000,17/01/2021
34,3423,8,22,29,34,42,50,31900000,13/01/2021
34,3422,14,24,28,38,44,48,30000000,10/01/2021
34,3421,2,5,6,23,28,50,28600000,06/01/2021
34,3420,3,6,19,46,47,54,26800000,03/01/2021
34,3419,13,24,26,40,43,55,24900000,30/12/2020
34,3418,6,16,32,36,54,55,22900000,27/12/2020
34,3417,10,15,31,33,42,46,20900000,23/12/2020
34,3416,3,5,8,28,52,56,18900000,20/12/2020
34,3415,2,10,16,23,27,30,16800000,16/12/2020
34,3414,12,14,24,32,53,54,14700000,13/12/2020
34,3413,1,5,8,15,25,28,12700000,09/12/2020
34,3412,8,10,16,27,30,56,10800000,06/12/2020
34,3411,4,5,22,28,41,42,10400000,02/12/2020
34,3410,20,31,35,40,42,53,10300000,29/11/2020
34,3409,15,19,20,29,32,41,10200000,25/11/2020
34,3408,2,12,22,25,30,46,10100000,22/11/2020
34,3407,7,25,48,51,54,56,10000000,18/11/2020
34,3406,6,12,44,47,48,56,31300000,15/11/2020
34,3405,1,8,15,40,52,54,29600000,11/11/2020
34,3404,1,16,19,23,24,33,27400000,08/11/2020
34,3403,12,22,23,38,47,54,25700000,04/11/2020
34,3402,7,12,14,39,48,55,24200000,01/11/2020
34,3401,2,3,23,26,29,46,22600000,28/10/2020
34,3400,1,15,33,34,46,47,20800000,25/10/2020
34,3399,13,27,32,43,53,54,19300000,21/10/2020
34,3398,5,14,25,30,40,49,17200000,18/10/2020
34,3397,3,5,8,10,27,42,15800000,14/10/2020
34,3396,9,20,25,40,48,52,14000000,11/10/2020
34,3395,9,27,33,42,49,54,12300000,07/10/2020
34,3394,11,13,20,44,45,49,10600000,04/10/2020
34,3393,14,20,25,29,34,56,10500000,30/09/2020
34,3392,3,4,7,8,25,34,10400000,27/09/2020
34,3391,3,30,32,42,45,55,10300000,23/09/2020
34,3390,16,21,27,29,49,50,10200000,20/09/2020
34,3389,4,16,17,18,36,53,10100000,16/09/2020
34,3388,2,9,20,31,40,54,10000000,13/09/2020
34,3387,3,6,10,26,40,51,68300000,09/09/2020
34,3386,15,20,27,32,35,53,66600000,06/09/2020
34,3385,17,25,35,36,38,49,65200000,02/09/2020
34,3384,7,24,34,40,53,55,63400000,30/08/2020
34,3383,7,18,19,22,27,43,62200000,26/08/2020
34,3382,16,20,23,31,41,42,60600000,23/08/2020
34,3381,18,25,27,31,49,52,59000000,19/08/2020
34,3380,11,19,20,27,44,47,57400000,16/08/2020
34,3379,3,19,32,36,44,47,56000000,12/08/2020
34,3378,2,3,23,44,50,51,54600000,09/08/2020
34,3377,6,7,11,26,35,51,53200000,05/08/2020
34,3376,1,4,5,10,11,43,51800000,02/08/2020
34,3375,13,14,28,36,39,52,50800000,29/07/2020
34,3374,17,20,31,49,50,51,50700000,26/07/2020
34,3373,8,14,30,35,47,52,50600000,01/04/2020
34,3372,6,7,30,35,43,54,49000000,29/03/2020
34,3371,4,8,10,30,55,56,47700000,25/03/2020
34,3370,3,28,34,44,45,52,46100000,22/03/2020
34,3369,2,7,11,14,38,39,44600000,18/03/2020
34,3368,2,10,19,31,35,47,42800000,15/03/2020
34,3367,7,8,12,14,18,41,41100000,11/03/2020
34,3366,10,21,30,41,51,56,39200000,08/03/2020
34,3365,3,16,26,36,42,46,37400000,04/03/2020
34,3364,9,11,43,48,53,56,35300000,01/03/2020
34,3363,20,23,25,50,52,55,33700000,26/02/2020
34,3362,2,8,24,29,31,48,31800000,23/02/2020
34,3361,2,9,22,36,43,46,30200000,19/02/2020
34,3360,10,23,24,38,53,54,28200000,16/02/2020
34,3359,1,5,12,26,30,40,26400000,12/02/2020
34,3358,1,5,13,30,53,56,24500000,09/02/2020
34,3357,4,10,14,25,32,38,22700000,05/02/2020
34,3356,4,22,26,27,38,46,20500000,02/02/2020
34,3355,5,11,28,43,44,55,18800000,29/01/2020
34,3354,15,18,21,24,32,54,16800000,26/01/2020
34,3353,5,10,13,15,23,54,15000000,22/01/2020
34,3352,11,12,43,47,48,49,13000000,19/01/2020
34,3351,1,5,12,21,35,44,11300000,15/01/2020
34,3350,16,31,33,36,49,52,10400000,12/01/2020
34,3349,7,10,13,26,46,53,10300000,08/01/2020
34,3348,1,2,12,22,35,36,10200000,05/01/2020
34,3347,5,17,18,35,40,49,10100000,01/01/2020
34,3346,13,27,32,35,39,47,10000000,29/12/2019
34,3345,13,16,22,32,48,50,38400000,25/12/2019
34,3344,4,12,22,38,39,51,36300000,22/12/2019
34,3343,5,11,20,28,44,56,34600000,18/12/2019
34,3342,2,3,22,47,49,50,32500000,15/12/2019
34,3341,15,20,22,44,48,56,30800000,11/12/2019
34,3340,24,34,41,43,45,50,28900000,08/12/2019
34,3339,2,26,28,44,47,56,27000000,04/12/2019
34,3338,17,29,32,38,43,56,25000000,01/12/2019
34,3337,24,33,38,40,47,48,23400000,27/11/2019
34,3336,7,9,22,27,44,51,21400000,24/11/2019
34,3335,13,15,21,37,46,52,19700000,20/11/2019
34,3334,5,10,14,38,39,40,17800000,17/11/2019
34,3333,16,17,35,42,44,48,16100000,13/11/2019
34,3332,19,22,26,29,41,44,14100000,10/11/2019
34,3331,3,9,15,36,44,52,12300000,06/11/2019
34,3330,9,31,32,34,52,54,10500000,03/11/2019
34,3329,2,11,18,23,34,48,10400000,30/10/2019
34,3328,3,35,36,46,47,52,10300000,27/10/2019
34,3327,5,14,24,50,51,53,10200000,23/10/2019
34,3326,5,9,13,15,38,40,10100000,20/10/2019
34,3325,4,25,26,33,41,52,10000000,16/10/2019
34,3324,7,20,26,41,53,55,259000000,13/10/2019
34,3323,9,13,16,21,30,42,257200000,09/10/2019
34,3322,8,16,25,50,52,56,255000000,06/10/2019
34,3321,2,3,14,23,28,55,252900000,02/10/2019
34,3320,5,13,25,44,50,55,250700000,29/09/2019
34,3319,14,17,27,39,49,54,248900000,25/09/2019
34,3318,6,8,20,26,29,51,246600000,22/09/2019
34,3317,20,35,40,41,43,45,244900000,18/09/2019
34,3316,5,10,20,25,31,44,242700000,15/09/2019
34,3315,17,26,35,45,46,48,241000000,11/09/2019
34,3314,2,8,11,17,43,52,238800000,08/09/2019
34,3313,22,33,39,43,54,55,236800000,04/09/2019
34,3312,5,13,19,20,25,38,234500000,01/09/2019
34,3311,5,10,37,38,40,46,232800000,28/08/2019
34,3310,1,5,28,32,43,52,230700000,25/08/2019
34,3309,16,39,41,47,52,53,228800000,21/08/2019
34,3308,8,15,19,27,34,37,226600000,18/08/2019
34,3307,4,12,20,28,44,46,224700000,14/08/2019
34,3306,10,25,26,28,31,45,222600000,11/08/2019
34,3305,4,15,24,38,55,56,220500000,07/08/2019
34,3304,1,2,4,15,21,43,218500000,04/08/2019
34,3303,6,12,28,44,50,56,216600000,31/07/2019
34,3302,1,5,10,38,48,49,214600000,28/07/2019
34,3301,14,15,34,36,41,44,212800000,24/07/2019
34,3300,3,10,19,29,41,44,210800000,21/07/2019
34,3299,9,16,20,30,39,40,208900000,17/07/2019
34,3298,2,20,34,42,45,50,206800000,14/07/2019
34,3297,7,12,27,31,38,40,205000000,10/07/2019
34,3296,29,33,40,46,48,53,202900000,07/07/2019
34,3295,8,17,28,34,43,48,201000000,03/07/2019
34,3294,22,28,29,31,55,56,198900000,30/06/2019
34,3293,3,4,16,21,25,29,197000000,26/06/2019
34,3292,7,8,11,13,24,37,195000000,23/06/2019
34,3291,4,11,17,41,46,53,193300000,19/06/2019
34,3290,15,22,25,33,34,43,191300000,16/06/2019
34,3289,9,18,20,22,34,41,189500000,12/06/2019
34,3288,1,11,22,26,52,53,187200000,09/06/2019
34,3287,6,13,28,29,31,46,185400000,05/06/2019
34,3286,14,15,17,27,36,40,183000000,02/06/2019
34,3285,17,20,34,39,42,47,181200000,29/05/2019
34,3284,32,41,47,48,51,56,179400000,26/05/2019
34,3283,5,7,41,49,51,55,177500000,22/05/2019
34,3282,5,8,12,21,27,47,175700000,19/05/2019
34,3281,1,8,26,32,42,44,173500000,15/05/2019
34,3280,9,35,42,44,55,56,171800000,12/05/2019
34,3279,5,15,31,40,51,52,169800000,08/05/2019
34,3278,12,16,23,31,33,48,167900000,05/05/2019
34,3277,1,7,33,41,45,55,166000000,01/05/2019
34,3276,1,5,23,29,30,51,163800000,28/04/2019
34,3275,8,26,30,40,45,47,162000000,24/04/2019
34,3274,4,8,9,22,35,52,160600000,21/04/2019
34,3273,6,8,23,28,38,44,158700000,17/04/2019
34,3272,12,21,30,31,45,49,156800000,14/04/2019
34,3271,19,28,34,36,41,42,154900000,10/04/2019
34,3270,6,7,33,34,36,52,153000000,07/04/2019
34,3269,4,7,15,19,42,44,151800000,03/04/2019
34,3268,3,11,16,19,54,56,149500000,31/03/2019
34,3267,8,9,24,40,45,46,147100000,27/03/2019
34,3266,10,14,40,46,53,55,144400000,24/03/2019
34,3265,18,23,32,33,39,40,142500000,20/03/2019
34,3264,12,17,19,26,39,49,140600000,17/03/2019
34,3263,7,25,26,39,40,46,138000000,13/03/2019
34,3262,9,14,17,31,42,50,136000000,10/03/2019
34,3261,6,13,25,37,48,53,133900000,06/03/2019
34,3260,9,19,26,28,34,44,131500000,03/03/2019
34,3259,9,12,31,34,52,56,129400000,27/02/2019
34,3258,1,13,16,20,28,50,127000000,24/02/2019
34,3257,7,8,21,29,40,51,125100000,20/02/2019
34,3256,5,30,32,34,36,43,123100000,17/02/2019
34,3255,4,11,20,36,46,54,121200000,13/02/2019
34,3254,1,4,16,30,33,41,119000000,10/02/2019
34,3253,23,27,39,48,50,54,116900000,06/02/2019
34,3252,2,10,18,46,47,54,114400000,03/02/2019
34,3251,4,14,18,29,36,50,113000000,30/01/2019
34,3250,3,5,6,12,34,43,110800000,27/01/2019
34,3249,4,13,24,26,36,50,108500000,23/01/2019
34,3248,3,33,37,41,50,51,106500000,20/01/2019
34,3247,4,19,30,32,36,48,104600000,16/01/2019
34,3246,4,6,29,40,42,43,102000000,13/01/2019
34,3245,11,24,34,45,50,56,100000000,09/01/2019
34,3244,6,24,28,32,47,52,98000000,06/01/2019
34,3243,5,9,16,22,50,55,96000000,02/01/2019
34,3242,27,28,29,31,42,48,94000000,30/12/2018
34,3241,10,29,37,44,50,52,92000000,26/12/2018
34,3240,5,23,24,39,42,53,90000000,23/12/2018
34,3239,2,22,30,34,40,55,88000000,19/12/2018
34,3238,11,13,19,25,28,49,85700000,16/12/2018
34,3237,12,18,35,39,44,47,84100000,12/12/2018
34,3236,1,10,21,25,30,47,82000000,09/12/2018
34,3235,17,18,22,26,44,54,80000000,05/12/2018
34,3234,2,12,14,21,22,33,77900000,02/12/2018
34,3233,6,24,36,40,47,54,76000000,28/11/2018
34,3232,12,20,29,38,39,47,73800000,25/11/2018
34,3231,1,2,6,25,39,44,72200000,21/11/2018
34,3230,8,24,25,49,51,52,70300000,18/11/2018
34,3229,2,9,11,32,35,46,68800000,14/11/2018
34,3228,8,10,31,38,46,49,66500000,11/11/2018
34,3227,1,10,19,34,49,52,64500000,07/11/2018
34,3226,10,15,22,25,26,34,62000000,04/11/2018
34,3225,7,25,33,35,40,45,60000000,31/10/2018
34,3224,4,11,15,16,41,50,58000000,28/10/2018
34,3223,3,5,10,14,35,54,56300000,24/10/2018
34,3222,16,17,19,24,47,56,53900000,21/10/2018
34,3221,3,6,8,12,47,56,52400000,17/10/2018
34,3220,11,32,33,38,41,50,50200000,14/10/2018
34,3219,17,21,25,27,32,55,48500000,10/10/2018
34,3218,8,9,18,19,45,49,46600000,07/10/2018
34,3217,9,13,15,29,45,46,44700000,03/10/2018
34,3216,34,39,42,44,45,48,42300000,30/09/2018
34,3215,6,21,22,33,34,54,40700000,26/09/2018
34,3214,12,22,48,52,53,55,38700000,23/09/2018
34,3213,16,21,34,43,50,52,37000000,19/09/2018
34,3212,9,14,38,40,51,55,35600000,16/09/2018
34,3211,16,33,40,52,53,54,33600000,12/09/2018
34,3210,15,20,25,39,45,47,31700000,09/09/2018
34,3209,3,18,38,40,42,45,30300000,05/09/2018
34,3208,5,22,29,43,49,50,28500000,02/09/2018
34,3207,5,21,22,25,32,34,26300000,29/08/2018
34,3206,2,3,14,45,53,56,24800000,26/08/2018
34,3205,8,9,20,44,46,53,22800000,22/08/2018
34,3204,5,8,33,39,49,55,20900000,19/08/2018
34,3203,7,13,40,42,44,51,19200000,15/08/2018
34,3202,13,20,22,28,35,56,17400000,12/08/2018
34,3201,3,6,9,32,33,50,15700000,08/08/2018
34,3200,13,16,38,43,50,51,13700000,05/08/2018
34,3199,16,17,19,44,45,53,11900000,01/08/2018
34,3198,4,13,27,31,36,45,10500000,29/07/2018
34,3197,8,20,22,25,35,36,10400000,25/07/2018
34,3196,9,17,25,29,30,56,10300000,22/07/2018
34,3195,6,22,24,33,46,56,10200000,18/07/2018
34,3194,7,8,12,16,32,35,10100000,15/07/2018
34,3193,3,7,13,14,43,44,10000000,11/07/2018
34,3192,23,25,32,47,50,52,10400000,08/07/2018
34,3191,12,14,19,33,46,48,10300000,04/07/2018
34,3190,13,14,16,48,49,56,10200000,01/07/2018
34,3189,11,29,33,40,51,55,10100000,27/06/2018
34,3188,1,6,7,17,18,38,10000000,24/06/2018
34,3187,6,9,19,21,37,44,241900000,20/06/2018
34,3186,1,8,13,35,36,51,240000000,17/06/2018
34,3185,2,3,5,6,12,38,238500000,13/06/2018
34,3184,16,33,35,39,48,50,236000000,10/06/2018
34,3183,13,15,17,23,47,56,234500000,06/06/2018
34,3182,10,15,33,42,43,44,232000000,03/06/2018
34,3181,2,7,18,48,52,55,230300000,30/05/2018
34,3180,6,23,24,32,41,44,228000000,27/05/2018
34,3179,3,8,34,42,49,54,226200000,23/05/2018
34,3178,8,22,23,28,38,45,224600000,20/05/2018
34,3177,10,32,45,46,53,56,222300000,16/05/2018
34,3176,17,18,33,36,50,54,220500000,13/05/2018
34,3175,26,27,34,47,48,52,218500000,09/05/2018
34,3174,13,17,26,35,45,56,216500000,06/05/2018
34,3173,9,13,23,42,44,48,214700000,02/05/2018
34,3172,10,11,12,13,15,23,212700000,29/04/2018
34,3171,4,16,28,33,34,45,211000000,25/04/2018
34,3170,24,30,33,42,44,47,209000000,22/04/2018
34,3169,12,30,36,40,45,48,207500000,18/04/2018
34,3168,9,18,22,24,50,55,205200000,15/04/2018
34,3167,4,37,38,42,50,54,203200000,11/04/2018
34,3166,13,23,26,33,37,56,201700000,08/04/2018
34,3165,16,25,30,36,51,53,199700000,04/04/2018
34,3164,12,28,29,36,50,56,198000000,01/04/2018
34,3163,1,8,21,28,41,42,196500000,28/03/2018
34,3162,8,13,20,27,48,49,194600000,25/03/2018
34,3161,18,20,25,32,43,55,192800000,21/03/2018
34,3160,7,8,20,24,32,41,190900000,18/03/2018
34,3159,25,30,34,42,49,56,189300000,14/03/2018
34,3158,23,29,34,49,52,55,187300000,11/03/2018
34,3157,11,18,21,30,34,40,185500000,07/03/2018
34,3156,6,12,22,23,24,39,183600000,04/03/2018
34,3155,4,9,10,16,35,50,182000000,28/02/2018
34,3154,11,13,28,32,41,51,180000000,25/02/2018
34,3153,16,19,23,40,43,55,178700000,21/02/2018
34,3152,17,26,30,32,48,49,176500000,18/02/2018
34,3151,12,25,30,37,43,53,174900000,14/02/2018
34,3150,3,7,25,28,42,44,172900000,11/02/2018
34,3149,6,8,26,34,35,38,171500000,07/02/2018
34,3148,2,4,7,11,23,46,169500000,04/02/2018
34,3147,14,18,25,35,36,55,168000000,31/01/2018
34,3146,4,13,14,19,30,38,166000000,28/01/2018
34,3145,4,5,10,23,29,35,164500000,24/01/2018
34,3144,16,33,35,42,50,53,162500000,21/01/2018
34,3143,6,24,31,34,40,48,161000000,17/01/2018
34,3142,9,14,15,51,53,54,159500000,14/01/2018
34,3141,4,8,11,23,45,49,157700000,10/01/2018
34,3140,17,19,27,39,41,45,155500000,07/01/2018
34,3139,9,12,17,22,39,41,153700000,03/01/2018
34,3138,9,35,39,43,55,56,151700000,31/12/2017
34,3137,6,8,25,26,27,35,149900000,27/12/2017
34,3136,20,30,38,39,43,53,148600000,24/12/2017
34,3135,3,19,20,43,46,49,146600000,20/12/2017
34,3134,8,11,30,32,42,52,145000000,17/12/2017
34,3133,21,23,29,31,32,47,143800000,13/12/2017
34,3132,9,18,24,29,30,52,142000000,10/12/2017
34,3131,33,34,35,40,44,52,140000000,06/12/2017
34,3130,2,3,11,20,23,34,138500000,03/12/2017
34,3129,2,15,32,35,45,54,136600000,29/11/2017
34,3128,1,2,17,49,51,56,134700000,26/11/2017
34,3127,37,40,42,44,48,50,133400000,22/11/2017
34,3126,4,8,31,41,47,50,132300000,19/11/2017
34,3125,7,10,20,38,48,50,130000000,15/11/2017
34,3124,12,16,28,46,51,55,128400000,12/11/2017
34,3123,24,38,43,46,50,52,126900000,08/11/2017
34,3122,9,23,25,32,40,54,125000000,05/11/2017
34,3121,2,13,15,20,32,35,123700000,01/11/2017
34,3120,1,3,11,12,21,31,122000000,29/10/2017
34,3119,1,7,11,17,41,45,120300000,25/10/2017
34,3118,7,12,17,20,21,22,118900000,22/10/2017
34,3117,3,6,12,41,46,47,117000000,18/10/2017
34,3116,2,28,30,39,43,54,115500000,15/10/2017
34,3115,9,17,41,42,45,49,114500000,11/10/2017
34,3114,10,14,21,35,40,44,112000000,08/10/2017
34,3113,10,18,20,22,26,40,110000000,04/10/2017
34,3112,19,22,25,42,50,55,108500000,01/10/2017
34,3111,3,8,26,35,50,53,107000000,27/09/2017
34,3110,9,13,20,49,52,53,106000000,24/09/2017
34,3109,10,27,31,37,41,48,105000000,20/09/2017
34,3108,19,22,26,30,42,49,103000000,17/09/2017
34,3107,9,12,20,46,50,55,101500000,13/09/2017
34,3106,1,9,16,28,29,47,100000000,10/09/2017
34,3105,7,10,18,30,33,47,98000000,06/09/2017
34,3104,12,13,36,38,39,45,96000000,03/09/2017
34,3103,4,6,8,11,12,34,95000000,30/08/2017
34,3102,1,9,24,34,46,50,93000000,27/08/2017
34,3101,1,2,5,14,15,24,91500000,23/08/2017
34,3100,2,19,29,42,50,53,90000000,20/08/2017
34,3099,7,10,17,18,32,48,88500000,16/08/2017
34,3098,16,24,25,28,37,44,86500000,13/08/2017
34,3097,14,25,30,38,40,43,85500000,09/08/2017
34,3096,8,10,23,25,30,47,83500000,06/08/2017
34,3095,5,24,26,29,45,47,82000000,02/08/2017
34,3094,20,25,36,45,46,52,80500000,30/07/2017
34,3093,3,4,10,25,26,52,79000000,26/07/2017
34,3092,18,32,36,42,47,48,77000000,23/07/2017
34,3091,7,14,16,34,38,53,76000000,19/07/2017
34,3090,3,4,23,30,38,55,74200000,16/07/2017
34,3089,1,9,25,33,42,43,73300000,12/07/2017
34,3088,7,19,21,28,50,53,71400000,09/07/2017
34,3087,18,25,29,32,37,48,69700000,05/07/2017
34,3086,19,22,29,30,53,55,68100000,02/07/2017
34,3085,2,7,16,19,26,35,66800000,28/06/2017
34,3084,14,24,30,41,51,56,65300000,25/06/2017
34,3083,17,18,27,32,52,53,63500000,21/06/2017
34,3082,1,3,5,14,22,31,62000000,18/06/2017
34,3081,8,9,13,34,36,39,60500000,14/06/2017
34,3080,10,35,41,46,53,56,59000000,11/06/2017
34,3079,2,7,26,37,47,50,58000000,07/06/2017
34,3078,6,7,14,20,36,40,56100000,04/06/2017
34,3077,25,28,30,43,47,53,54400000,31/05/2017
34,3076,13,15,17,27,52,54,53000000,28/05/2017
34,3075,2,21,25,32,48,52,52000000,24/05/2017
34,3074,19,29,34,36,41,51,50000000,21/05/2017
34,3073,10,12,21,48,51,56,48800000,17/05/2017
34,3072,10,20,30,35,39,49,47000000,14/05/2017
34,3071,17,21,26,40,43,52,45500000,10/05/2017
34,3070,1,4,10,32,45,47,44000000,07/05/2017
34,3069,19,20,27,30,46,56,43000000,03/05/2017
34,3068,11,27,30,32,45,55,41300000,30/04/2017
34,3067,7,8,21,24,29,42,40100000,26/04/2017
34,3066,2,3,4,7,40,56,38400000,23/04/2017
34,3065,6,14,21,24,38,41,37100000,19/04/2017
34,3064,4,5,7,15,21,55,35800000,16/04/2017
34,3063,6,9,16,27,43,53,34000000,12/04/2017
34,3062,4,13,17,23,39,45,33200000,09/04/2017
34,3061,8,16,33,39,43,44,31400000,05/04/2017
34,3060,4,16,22,34,40,48,30100000,02/04/2017
34,3059,4,7,10,24,28,33,28800000,29/03/2017
34,3058,1,6,11,15,33,49,27400000,26/03/2017
34,3057,3,5,14,16,30,53,26000000,22/03/2017
34,3056,24,26,28,31,52,56,24600000,19/03/2017
34,3055,3,14,19,20,31,34,23400000,15/03/2017
34,3054,2,17,30,45,54,56,21500000,12/03/2017
34,3053,11,12,22,34,43,49,20400000,08/03/2017
34,3052,5,8,27,28,31,40,18500000,05/03/2017
34,3051,6,8,21,32,41,45,17000000,01/03/2017
34,3050,2,10,17,22,23,29,15400000,26/02/2017
34,3049,19,20,33,40,49,50,14000000,22/02/2017
34,3048,9,16,19,37,46,49,12000000,19/02/2017
34,3047,7,9,10,23,32,54,11000000,15/02/2017
34,3046,12,13,14,17,24,53,10500000,12/02/2017
34,3045,1,6,17,50,54,56,10400000,08/02/2017
34,3044,22,23,30,44,48,50,10300000,05/02/2017
34,3043,1,21,22,34,37,46,10200000,01/02/2017
34,3042,2,11,14,25,41,46,10100000,29/01/2017
34,3041,5,10,29,35,38,46,10000000,25/01/2017
34,3040,7,19,21,28,35,46,17000000,22/01/2017
34,3039,1,32,33,37,42,45,15500000,18/01/2017
34,3038,2,3,32,52,53,54,14500000,15/01/2017
34,3037,12,22,25,28,40,53,12500000,11/01/2017
34,3036,1,22,23,35,39,44,10600000,08/01/2017
34,3035,3,12,16,26,29,46,10500000,04/01/2017
34,3034,16,32,35,36,44,50,10400000,01/01/2017
34,3033,9,22,27,39,46,48,10300000,28/12/2016
34,3032,26,29,30,35,52,54,10200000,25/12/2016
34,3031,2,4,7,26,38,47,10100000,21/12/2016
34,3030,16,23,35,37,53,55,10000000,18/12/2016
34,3029,3,20,29,40,49,50,136000000,14/12/2016
34,3028,24,26,30,48,53,56,134700000,11/12/2016
34,3027,1,4,18,36,37,55,133000000,07/12/2016
34,3026,17,18,19,27,29,49,131000000,04/12/2016
34,3025,7,15,22,28,40,49,129500000,30/11/2016
34,3024,14,26,28,44,50,51,127500000,27/11/2016
34,3023,2,13,44,51,53,55,126000000,23/11/2016
34,3022,14,16,17,21,30,44,124000000,20/11/2016
34,3021,17,20,21,30,43,46,122000000,16/11/2016
34,3020,25,39,41,43,48,55,120500000,13/11/2016
34,3019,6,21,25,32,40,42,118500000,09/11/2016
34,3018,29,30,43,44,52,55,117000000,06/11/2016
34,3017,16,20,21,23,24,56,115000000,02/11/2016
34,3016,6,9,34,40,46,56,113000000,30/10/2016
34,3015,3,5,14,29,30,56,111500000,26/10/2016
34,3014,4,12,18,25,41,48,109500000,23/10/2016
34,3013,15,16,20,26,28,39,108000000,19/10/2016
34,3012,6,23,28,32,52,53,106000000,16/10/2016
34,3011,9,22,31,35,37,52,104500000,12/10/2016
34,3010,22,25,33,42,54,56,102500000,09/10/2016
34,3009,11,13,14,18,22,53,101000000,05/10/2016
34,3008,6,8,9,19,32,34,99000000,02/10/2016
34,3007,24,32,43,48,50,54,97000000,28/09/2016
34,3006,4,39,44,49,51,56,96000000,25/09/2016
34,3005,16,25,32,40,43,54,94000000,21/09/2016
34,3004,6,26,30,40,47,49,92500000,18/09/2016
34,3003,4,9,15,22,33,35,91000000,14/09/2016
34,3002,16,23,33,35,46,55,89300000,11/09/2016
34,3001,4,7,20,26,45,51,87400000,07/09/2016
34,3000,24,28,33,46,50,51,85500000,04/09/2016
34,2999,1,4,5,28,30,53,84200000,31/08/2016
34,2998,5,25,28,36,40,48,82700000,28/08/2016
34,2997,1,11,18,42,51,55,80800000,24/08/2016
34,2996,19,22,25,31,43,44,79000000,21/08/2016
34,2995,2,14,18,21,46,49,77000000,17/08/2016
34,2994,6,9,19,20,32,49,75500000,14/08/2016
34,2993,12,23,30,36,46,53,74500000,10/08/2016
34,2992,2,9,36,45,50,54,72500000,07/08/2016
34,2991,10,19,21,32,44,52,71000000,03/08/2016
34,2990,16,21,37,41,45,46,69000000,31/07/2016
34,2989,9,24,30,41,43,53,67000000,27/07/2016
34,2988,8,33,40,43,44,53,66000000,24/07/2016
34,2987,25,39,44,46,50,55,64000000,20/07/2016
34,2986,23,26,38,47,50,55,62500000,17/07/2016
34,2985,3,6,23,24,39,45,61000000,13/07/2016
34,2984,4,10,19,22,40,49,59000000,10/07/2016
34,2983,3,5,11,18,36,54,58000000,06/07/2016
34,2982,2,11,22,43,50,55,56000000,03/07/2016
34,2981,6,20,21,39,44,56,54500000,29/06/2016
34,2980,4,8,23,29,44,55,52000000,26/06/2016
34,2979,10,12,14,17,47,52,51000000,22/06/2016
34,2978,2,18,42,45,48,54,49500000,19/06/2016
34,2977,1,10,12,19,31,56,48000000,15/06/2016
34,2976,7,16,17,25,37,54,46000000,12/06/2016
34,2975,14,23,25,29,41,43,44300000,08/06/2016
34,2974,6,12,29,30,39,55,43000000,05/06/2016
34,2973,5,11,15,17,47,48,41500000,01/06/2016
34,2972,27,31,35,40,44,54,39900000,29/05/2016
34,2971,7,9,23,40,49,52,38200000,25/05/2016
34,2970,5,12,38,40,47,56,36800000,22/05/2016
34,2969,2,10,13,22,35,44,35500000,18/05/2016
34,2968,13,14,27,30,41,44,34000000,15/05/2016
34,2967,6,7,28,29,36,48,32500000,11/05/2016
34,2966,1,3,16,22,31,46,30600000,08/05/2016
34,2965,2,6,26,31,35,52,29000000,04/05/2016
34,2964,2,5,30,36,42,55,27000000,01/05/2016
34,2963,11,16,19,35,42,46,26000000,27/04/2016
34,2962,1,10,14,16,34,48,24500000,24/04/2016
34,2961,9,16,25,38,46,56,23000000,20/04/2016
34,2960,16,20,24,26,40,44,21300000,17/04/2016
34,2959,10,18,27,36,42,49,20000000,13/04/2016
34,2958,1,21,24,39,40,51,18500000,10/04/2016
34,2957,3,7,14,23,33,46,16600000,06/04/2016
34,2956,6,15,17,23,35,54,15700000,03/04/2016
34,2955,4,8,34,40,50,56,13800000,30/03/2016
34,2954,17,23,24,26,36,51,11900000,27/03/2016
34,2953,8,12,25,30,34,42,10700000,23/03/2016
34,2952,1,10,13,28,29,40,10500000,20/03/2016
34,2951,16,21,25,27,47,54,10400000,16/03/2016
34,2950,4,5,20,24,32,42,10300000,13/03/2016
34,2949,17,19,38,43,51,55,10200000,09/03/2016
34,2948,5,18,29,41,48,49,10100000,06/03/2016
34,2947,2,15,32,34,52,56,10000000,02/03/2016
34,2946,2,12,21,30,33,54,262500000,28/02/2016
34,2945,6,21,22,34,41,52,260000000,24/02/2016
34,2944,7,8,13,41,52,53,258000000,21/02/2016
34,2943,4,7,32,35,49,56,257000000,17/02/2016
34,2942,1,16,22,41,42,49,254500000,14/02/2016
34,2941,24,25,26,38,47,56,253000000,10/02/2016
34,2940,31,38,40,41,46,53,251000000,07/02/2016
34,2939,9,30,39,40,48,54,249000000,03/02/2016
34,2938,12,21,26,30,38,43,248000000,31/01/2016
34,2937,1,14,29,30,31,56,246000000,27/01/2016
34,2936,16,18,24,25,30,49,244000000,24/01/2016
34,2935,13,20,23,38,44,51,242000000,20/01/2016
34,2934,6,11,12,19,32,38,240000000,17/01/2016
34,2933,5,31,35,43,46,55,238500000,13/01/2016
34,2932,20,26,28,39,49,51,236000000,10/01/2016
34,2931,2,20,29,35,37,47,234000000,06/01/2016
34,2930,5,13,30,32,44,54,232500000,03/01/2016
34,2929,5,7,11,36,47,55,231000000,30/12/2015
34,2928,2,19,29,37,50,54,229000000,27/12/2015
34,2927,2,7,30,40,43,53,227000000,23/12/2015
34,2926,6,23,31,38,45,51,225000000,20/12/2015
34,2925,5,14,21,31,41,48,223000000,16/12/2015
34,2924,14,15,29,35,42,56,221500000,13/12/2015
34,2923,15,16,20,36,43,54,219000000,09/12/2015
34,2922,4,10,21,29,51,56,217500000,06/12/2015
34,2921,1,6,10,24,30,53,216000000,02/12/2015
34,2920,16,18,22,41,44,49,214000000,29/11/2015
34,2919,11,15,26,32,35,47,212000000,25/11/2015
34,2918,8,19,31,38,46,48,210500000,22/11/2015
34,2917,11,14,16,46,50,51,209000000,18/11/2015
34,2916,4,8,13,15,19,24,207000000,15/11/2015
34,2915,5,28,29,30,40,52,205000000,11/11/2015
34,2914,3,8,9,27,37,44,203000000,08/11/2015
34,2913,8,11,24,25,33,56,202000000,04/11/2015
34,2912,4,12,25,34,43,47,200000000,01/11/2015
34,2911,3,30,31,45,53,54,198500000,28/10/2015
34,2910,14,15,21,28,35,39,197000000,25/10/2015
34,2909,2,13,19,27,28,46,195000000,21/10/2015
34,2908,17,18,33,41,44,54,193000000,18/10/2015
34,2907,3,18,29,32,34,38,191500000,14/10/2015
34,2906,8,15,23,38,45,56,190000000,11/10/2015
34,2905,14,16,19,34,40,50,188500000,07/10/2015
34,2904,2,7,10,21,51,53,187000000,04/10/2015
34,2903,9,20,25,27,45,51,185000000,30/09/2015
34,2902,3,27,35,40,47,49,183000000,27/09/2015
34,2901,1,16,18,50,54,56,181500000,23/09/2015
34,2900,20,29,32,36,46,47,179000000,20/09/2015
34,2899,7,8,13,28,37,38,176500000,16/09/2015
34,2898,18,22,28,37,45,56,174500000,13/09/2015
34,2897,14,18,26,29,47,48,173000000,09/09/2015
34,2896,1,18,22,31,33,44,171000000,06/09/2015
34,2895,6,9,10,15,21,37,169000000,02/09/2015
34,2894,6,8,11,21,37,54,166500000,30/08/2015
34,2893,10,14,22,45,50,56,164500000,26/08/2015
34,2892,3,15,33,35,36,46,162500000,23/08/2015
34,2891,5,6,14,27,36,55,161000000,19/08/2015
34,2890,9,10,24,35,38,47,158500000,16/08/2015
34,2889,2,31,37,40,47,48,156500000,12/08/2015
34,2888,4,8,11,39,43,53,154500000,09/08/2015
34,2887,4,9,13,14,38,40,153000000,05/08/2015
34,2886,5,13,20,22,48,56,151000000,02/08/2015
34,2885,4,6,7,16,31,46,149000000,29/07/2015
34,2884,6,8,36,42,52,53,147000000,26/07/2015
34,2883,4,6,22,33,39,55,145500000,22/07/2015
34,2882,3,9,16,20,40,55,143500000,19/07/2015
34,2881,14,20,44,48,49,51,141500000,15/07/2015
34,2880,1,8,27,35,38,45,140000000,12/07/2015
34,2879,20,36,43,47,49,52,138500000,08/07/2015
34,2878,10,18,25,29,38,51,136000000,05/07/2015
34,2877,28,32,34,36,43,49,134500000,01/07/2015
34,2876,14,28,29,36,45,50,132500000,28/06/2015
34,2875,25,32,35,39,41,53,131000000,24/06/2015
34,2874,1,2,18,21,26,46,129000000,21/06/2015
34,2873,6,12,35,43,50,55,127500000,17/06/2015
34,2872,3,8,26,31,40,49,125500000,14/06/2015
34,2871,9,10,14,15,26,52,124000000,10/06/2015
34,2870,3,21,27,28,35,55,122000000,07/06/2015
34,2869,10,22,28,30,43,56,120000000,03/06/2015
34,2868,7,14,18,28,29,33,118500000,31/05/2015
34,2867,14,18,24,27,32,56,117000000,27/05/2015
34,2866,1,3,8,28,29,45,114000000,24/05/2015
34,2865,1,2,14,22,31,45,113000000,20/05/2015
34,2864,1,8,15,39,42,50,111500000,17/05/2015
34,2863,14,30,33,41,44,49,110000000,13/05/2015
34,2862,5,13,42,44,46,48,108000000,10/05/2015
34,2861,9,10,13,21,38,43,106500000,06/05/2015
34,2860,4,25,26,34,39,51,105000000,03/05/2015
34,2859,4,5,23,24,26,38,103000000,29/04/2015
34,2858,3,25,36,50,53,55,101500000,26/04/2015
34,2857,2,3,8,20,51,55,100000000,22/04/2015
34,2856,5,14,18,33,38,54,98500000,19/04/2015
34,2855,12,19,28,34,42,53,96500000,15/04/2015
34,2854,7,9,15,23,42,44,94000000,12/04/2015
34,2853,35,41,43,48,49,52,92500000,08/04/2015
34,2852,5,14,29,30,46,55,91000000,05/04/2015
34,2851,7,8,10,17,26,48,89500000,01/04/2015
34,2850,11,16,41,43,53,56,88000000,29/03/2015
34,2849,13,16,24,41,44,54,86500000,25/03/2015
34,2848,7,12,14,18,34,41,85000000,22/03/2015
34,2847,5,26,39,46,52,53,83000000,18/03/2015
34,2846,10,11,12,39,48,51,81000000,15/03/2015
34,2845,6,12,25,46,47,49,79500000,11/03/2015
34,2844,10,26,28,34,46,55,78000000,08/03/2015
34,2843,11,15,29,31,36,42,76500000,04/03/2015
34,2842,17,18,29,31,32,39,74500000,01/03/2015
34,2841,5,30,33,45,47,48,73000000,25/02/2015
34,2840,14,29,31,45,51,55,71000000,22/02/2015
34,2839,1,6,9,22,29,50,69500000,18/02/2015
34,2838,4,5,7,26,32,53,68000000,15/02/2015
34,2837,22,28,29,41,43,49,66000000,11/02/2015
34,2836,13,15,17,28,35,43,64500000,08/02/2015
34,2835,6,24,40,47,48,51,63000000,04/02/2015
34,2834,23,25,34,37,39,51,61000000,01/02/2015
34,2833,1,17,27,34,42,52,60000000,28/01/2015
34,2832,3,19,29,31,34,37,58000000,25/01/2015
34,2831,7,8,15,36,46,54,56000000,21/01/2015
34,2830,1,2,9,12,37,47,54000000,18/01/2015
34,2829,10,12,19,21,32,43,53000000,14/01/2015
34,2828,23,25,26,32,41,48,52000000,11/01/2015
34,2827,3,5,37,43,44,52,50000000,07/01/2015
34,2826,2,7,12,18,41,54,48000000,04/01/2015
34,2825,17,23,51,53,54,56,46000000,31/12/2014
34,2824,13,19,33,37,53,56,44000000,28/12/2014
34,2823,1,29,32,33,42,44,42500000,24/12/2014
34,2822,4,7,35,42,48,49,41000000,21/12/2014
34,2821,7,9,12,42,44,51,40000000,17/12/2014
34,2820,10,28,34,35,39,55,38500000,14/12/2014
34,2819,2,10,25,33,39,52,37000000,10/12/2014
34,2818,6,10,11,15,40,49,35000000,07/12/2014
34,2817,5,15,22,28,41,51,33500000,03/12/2014
34,2816,10,16,17,24,28,55,31000000,30/11/2014
34,2815,2,26,27,33,39,41,30000000,26/11/2014
34,2814,2,22,26,32,49,51,29000000,23/11/2014
34,2813,3,7,18,29,54,56,27500000,19/11/2014
34,2812,5,14,19,23,37,54,25500000,16/11/2014
34,2811,4,6,19,26,29,36,24000000,12/11/2014
34,2810,14,24,31,49,54,56,22000000,09/11/2014
34,2809,35,38,39,42,46,50,20000000,05/11/2014
34,2808,3,6,13,20,21,44,18500000,02/11/2014
34,2807,3,13,20,33,49,54,17000000,29/10/2014
34,2806,6,12,18,19,29,36,15000000,26/10/2014
34,2805,1,16,27,30,37,44,14000000,22/10/2014
34,2804,6,17,27,38,46,52,13000000,19/10/2014
34,2803,4,10,11,48,49,51,12500000,15/10/2014
34,2802,1,7,31,36,47,54,12000000,12/10/2014
34,2801,4,7,10,12,31,35,11500000,08/10/2014
34,2800,10,22,33,45,54,56,11000000,05/10/2014
34,2799,7,20,31,37,50,56,10500000,01/10/2014
34,2798,2,9,11,20,44,56,10000000,28/09/2014
34,2797,1,6,15,21,25,38,110000000,24/09/2014
34,2796,4,6,10,38,52,53,108500000,21/09/2014
34,2795,8,13,18,21,30,38,107000000,17/09/2014
34,2794,4,24,38,40,53,56,105000000,14/09/2014
34,2793,15,30,37,40,51,56,103500000,10/09/2014
34,2792,2,3,5,23,28,51,102000000,07/09/2014
34,2791,14,21,28,30,34,45,100000000,03/09/2014
34,2790,3,6,10,22,25,27,98000000,31/08/2014
34,2789,12,14,19,27,40,42,97000000,27/08/2014
34,2788,6,13,14,29,36,54,95000000,24/08/2014
34,2787,13,21,35,36,37,53,93000000,20/08/2014
34,2786,10,11,17,29,42,46,91000000,17/08/2014
34,2785,3,6,9,18,19,52,89000000,13/08/2014
34,2784,3,6,7,11,18,36,87000000,10/08/2014
34,2783,5,12,14,39,50,56,85500000,06/08/2014
34,2782,7,19,22,32,48,49,83000000,03/08/2014
34,2781,12,15,24,38,45,49,81500000,30/07/2014
34,2780,4,18,23,45,47,53,79500000,27/07/2014
34,2779,1,22,24,25,26,29,78000000,23/07/2014
34,2778,8,23,28,41,49,53,76000000,20/07/2014
34,2777,7,14,19,31,35,50,74500000,16/07/2014
34,2776,2,4,6,15,35,37,72500000,13/07/2014
34,2775,3,6,38,49,53,54,71000000,09/07/2014
34,2774,1,4,14,33,36,45,69000000,06/07/2014
34,2773,6,16,43,45,47,54,67000000,02/07/2014
34,2772,2,5,10,29,40,48,65000000,29/06/2014
34,2771,6,17,32,49,54,55,64000000,25/06/2014
34,2770,2,4,7,16,52,54,63000000,22/06/2014
34,2769,12,13,31,35,37,49,62000000,18/06/2014
34,2768,20,24,28,30,54,55,59000000,15/06/2014
34,2767,2,25,26,36,37,38,57000000,11/06/2014
34,2766,13,14,22,24,45,51,55500000,08/06/2014
34,2765,9,14,20,21,32,50,53500000,04/06/2014
34,2764,4,11,20,25,27,40,51500000,01/06/2014
34,2763,6,18,24,32,33,38,50000000,28/05/2014
34,2762,4,25,51,53,54,55,48000000,25/05/2014
34,2761,2,29,30,34,48,54,47000000,21/05/2014
34,2760,8,19,28,33,38,45,44500000,18/05/2014
34,2759,4,7,19,20,34,38,43000000,14/05/2014
34,2758,8,10,34,45,49,56,41500000,11/05/2014
34,2757,9,10,17,38,50,55,40000000,07/05/2014
34,2756,6,13,18,35,42,53,38000000,04/05/2014
34,2755,4,24,26,32,38,48,37000000,30/04/2014
34,2754,5,8,16,32,36,39,34500000,27/04/2014
34,2753,3,6,8,10,34,53,33000000,23/04/2014
34,2752,21,37,38,40,41,56,31500000,20/04/2014
34,2751,9,14,22,39,42,52,30000000,16/04/2014
34,2750,4,8,21,31,37,41,28500000,13/04/2014
34,2749,1,26,32,33,47,55,27000000,09/04/2014
34,2748,1,15,20,21,33,48,25500000,06/04/2014
34,2747,4,9,11,24,33,56,24000000,02/04/2014
34,2746,4,29,36,38,49,56,22000000,30/03/2014
34,2745,5,18,20,26,27,43,21000000,26/03/2014
34,2744,7,24,32,34,35,51,19000000,23/03/2014
34,2743,17,24,27,29,32,51,18000000,19/03/2014
34,2742,10,13,16,23,39,42,16000000,16/03/2014
34,2741,9,27,31,33,42,45,14500000,12/03/2014
34,2740,1,17,19,25,36,53,13500000,09/03/2014
34,2739,10,16,28,29,37,48,13000000,05/03/2014
34,2738,4,13,22,29,32,40,12500000,02/03/2014
34,2737,11,34,43,52,54,55,12000000,26/02/2014
34,2736,11,29,32,43,51,52,11500000,23/02/2014
34,2735,6,12,41,46,52,56,11000000,19/02/2014
34,2734,6,8,9,13,29,48,10500000,16/02/2014
34,2733,3,15,16,22,30,34,10000000,12/02/2014
34,2732,11,13,31,39,45,53,96000000,09/02/2014
34,2731,10,34,39,42,44,54,94000000,05/02/2014
34,2730,12,13,31,34,47,50,92000000,02/02/2014
34,2729,8,19,34,39,41,54,90500000,29/01/2014
34,2728,11,15,20,24,47,48,89000000,26/01/2014
34,2727,16,29,38,40,48,49,87000000,22/01/2014
34,2726,3,5,19,28,33,56,85000000,19/01/2014
34,2725,12,19,22,30,39,56,83500000,15/01/2014
34,2724,6,7,12,22,31,45,81500000,12/01/2014
34,2723,11,14,21,27,47,54,79500000,08/01/2014
34,2722,5,14,19,46,54,55,78000000,05/01/2014
34,2721,2,10,24,31,35,49,76000000,01/01/2014
34,2720,3,7,8,17,21,48,74000000,29/12/2013
34,2719,2,7,31,40,53,56,72500000,25/12/2013
34,2718,24,25,30,35,55,56,71000000,22/12/2013
34,2717,7,19,29,34,41,47,69000000,18/12/2013
34,2716,2,18,25,41,42,51,67500000,15/12/2013
34,2715,3,7,30,40,48,54,66000000,11/12/2013
34,2714,28,31,40,49,53,54,64000000,08/12/2013
34,2713,11,14,39,41,47,52,62000000,04/12/2013
34,2712,8,17,34,37,42,43,60500000,01/12/2013
34,2711,15,30,34,35,38,51,59000000,27/11/2013
34,2710,10,13,18,26,28,37,57000000,24/11/2013
34,2709,5,7,20,40,42,48,56000000,20/11/2013
34,2708,7,22,38,42,44,54,54000000,17/11/2013
34,2707,3,7,19,21,25,47,53000000,13/11/2013
34,2706,1,8,26,33,54,55,51000000,10/11/2013
34,2705,5,6,18,41,54,56,49000000,06/11/2013
34,2704,20,27,31,42,53,54,47000000,03/11/2013
34,2703,11,15,17,20,22,54,46000000,30/10/2013
34,2702,18,22,23,26,42,49,44500000,27/10/2013
34,2701,11,15,19,27,36,38,43000000,23/10/2013
34,2700,12,15,27,44,46,48,41500000,20/10/2013
34,2699,23,25,32,43,49,55,40000000,16/10/2013
34,2698,14,21,26,30,35,39,38000000,13/10/2013
34,2697,6,9,23,36,45,49,37000000,09/10/2013
34,2696,12,18,20,23,25,44,35000000,06/10/2013
34,2695,21,26,35,42,44,51,34000000,02/10/2013
34,2694,6,17,26,31,44,48,32000000,29/09/2013
34,2693,8,13,21,32,35,50,30500000,25/09/2013
34,2692,3,7,12,26,32,46,28500000,22/09/2013
34,2691,8,33,42,43,44,56,27500000,18/09/2013
34,2690,11,15,24,36,41,53,26000000,15/09/2013
34,2689,4,6,13,22,26,49,24500000,11/09/2013
34,2688,3,6,12,24,27,44,22500000,08/09/2013
34,2687,7,9,20,24,31,40,21000000,04/09/2013
34,2686,8,18,22,36,39,56,19000000,01/09/2013
34,2685,2,12,24,34,41,47,18000000,28/08/2013
34,2684,16,24,25,39,48,52,16000000,25/08/2013
34,2683,16,24,42,53,54,56,15000000,21/08/2013
34,2682,12,25,26,36,44,50,13000000,18/08/2013
34,2681,11,21,24,40,53,56,12500000,14/08/2013
34,2680,5,14,15,28,41,55,12000000,11/08/2013
34,2679,18,21,35,37,43,44,11500000,07/08/2013
34,2678,7,11,15,16,28,49,11000000,04/08/2013
34,2677,10,20,21,31,33,37,10500000,31/07/2013
34,2676,2,4,17,18,20,40,10000000,28/07/2013
34,2675,7,19,25,38,40,47,10000000,24/07/2013
34,2674,19,34,40,46,48,52,19000000,21/07/2013
34,2673,27,28,33,37,44,47,17000000,17/07/2013
34,2672,30,31,41,43,46,49,14500000,14/07/2013
34,2671,3,4,11,19,45,55,12500000,10/07/2013
34,2670,4,28,30,33,40,56,11500000,07/07/2013
34,2669,29,34,36,50,51,54,11000000,03/07/2013
34,2668,2,7,16,18,28,33,10500000,30/06/2013
34,2667,1,7,9,20,37,41,10000000,26/06/2013
34,2666,2,3,25,28,32,42,210000000,23/06/2013
34,2665,2,5,24,27,35,44,207000000,19/06/2013
34,2664,16,22,27,33,47,55,203500000,16/06/2013
34,2663,3,28,32,34,50,54,201500000,12/06/2013
34,2662,20,27,31,33,35,45,198500000,09/06/2013
34,2661,7,9,25,30,46,47,195000000,05/06/2013
34,2660,7,14,18,27,39,46,192000000,02/06/2013
34,2659,15,16,21,24,33,50,189000000,29/05/2013
34,2658,28,34,45,46,48,55,186500000,26/05/2013
34,2657,12,28,31,33,52,53,184000000,22/05/2013
34,2656,4,8,15,19,27,43,181000000,19/05/2013
34,2655,16,27,35,42,51,54,178000000,15/05/2013
34,2654,1,6,7,9,20,30,176000000,12/05/2013
34,2653,17,23,30,35,48,53,173000000,08/05/2013
34,2652,12,17,20,21,27,41,170000000,05/05/2013
34,2651,2,14,18,25,36,55,168000000,01/05/2013
34,2650,11,12,25,29,38,50,164500000,28/04/2013
34,2649,10,11,18,26,31,45,162500000,24/04/2013
34,2648,5,14,40,44,50,54,160000000,21/04/2013
34,2647,16,23,31,33,36,49,157500000,17/04/2013
34,2646,8,11,17,23,29,40,155000000,14/04/2013
34,2645,6,28,33,37,49,54,152500000,10/04/2013
34,2644,5,11,25,29,45,54,149500000,07/04/2013
34,2643,13,17,18,21,37,45,147000000,03/04/2013
34,2642,4,30,39,47,50,53,144500000,31/03/2013
34,2641,6,12,18,24,32,42,142500000,27/03/2013
34,2640,17,18,24,32,38,42,140500000,24/03/2013
34,2639,27,30,39,42,44,52,138500000,20/03/2013
34,2638,11,15,23,24,35,40,136000000,17/03/2013
34,2637,10,17,33,35,36,38,133500000,13/03/2013
34,2636,4,14,28,30,32,36,131000000,10/03/2013
34,2635,2,6,13,45,46,52,129000000,06/03/2013
34,2634,5,11,19,40,52,55,126500000,03/03/2013
34,2633,2,5,18,19,33,35,124000000,27/02/2013
34,2632,2,27,37,41,48,54,122000000,24/02/2013
34,2631,3,4,17,39,48,53,120500000,20/02/2013
34,2630,1,17,46,48,50,52,118000000,17/02/2013
34,2629,6,20,22,24,44,55,116000000,13/02/2013
34,2628,6,14,32,33,41,50,114000000,10/02/2013
34,2627,15,30,33,37,52,53,111500000,06/02/2013
34,2626,13,22,32,33,44,53,110000000,03/02/2013
34,2625,10,24,26,30,43,54,107500000,30/01/2013
34,2624,4,8,21,35,41,56,105500000,27/01/2013
34,2623,2,8,13,49,50,54,103500000,23/01/2013
34,2622,2,21,37,41,54,56,101500000,20/01/2013
34,2621,1,5,12,13,30,45,100000000,16/01/2013
34,2620,2,6,28,29,39,50,97500000,13/01/2013
34,2619,5,15,24,28,32,51,95500000,09/01/2013
34,2618,4,26,27,31,43,51,93500000,06/01/2013
34,2617,22,23,27,39,49,52,92000000,02/01/2013
34,2616,1,16,29,37,46,52,90000000,30/12/2012
34,2615,3,8,9,21,26,50,88500000,26/12/2012
34,2614,3,22,32,37,50,56,86500000,23/12/2012
34,2613,12,19,33,44,45,54,85000000,19/12/2012
34,2612,8,14,25,35,43,44,83000000,16/12/2012
34,2611,2,3,16,26,37,52,81500000,12/12/2012
34,2610,8,22,32,34,39,56,79500000,09/12/2012
34,2609,16,24,33,36,38,45,78000000,05/12/2012
34,2608,2,6,23,46,48,53,76000000,02/12/2012
34,2607,17,19,32,51,53,54,74000000,28/11/2012
34,2606,16,22,24,31,46,53,73000000,25/11/2012
34,2605,3,8,9,15,26,55,72000000,21/11/2012
34,2604,1,6,7,17,25,52,70000000,18/11/2012
34,2603,5,9,16,19,24,30,69000000,14/11/2012
34,2602,1,2,6,30,34,51,67000000,11/11/2012
34,2601,10,27,47,51,52,53,66000000,07/11/2012
34,2600,4,6,12,51,54,55,64000000,04/11/2012
34,2599,25,26,28,45,48,49,63000000,31/10/2012
34,2598,2,34,40,43,49,54,61000000,28/10/2012
34,2597,4,11,32,38,47,55,60000000,24/10/2012
34,2596,7,9,34,36,38,40,58000000,21/10/2012
34,2595,5,11,23,37,39,54,57000000,17/10/2012
34,2594,5,7,9,23,25,29,55500000,14/10/2012
34,2593,3,19,38,43,46,48,54000000,10/10/2012
34,2592,13,14,16,24,26,36,52500000,07/10/2012
34,2591,10,17,23,39,42,56,51000000,03/10/2012
34,2590,9,12,17,31,41,47,49000000,30/09/2012
34,2589,1,9,12,34,36,44,48000000,26/09/2012
34,2588,7,15,18,45,48,55,47000000,23/09/2012
34,2587,7,27,34,42,46,55,45500000,19/09/2012
34,2586,18,20,26,27,29,49,44000000,16/09/2012
34,2585,7,8,12,21,37,51,43000000,12/09/2012
34,2584,3,4,25,41,42,51,41500000,09/09/2012
34,2583,17,19,21,22,45,49,40000000,05/09/2012
34,2582,4,8,30,39,49,56,38500000,02/09/2012
34,2581,7,9,11,26,50,52,37000000,29/08/2012
34,2580,6,22,24,27,41,54,36000000,26/08/2012
34,2579,8,18,41,42,44,52,35000000,22/08/2012
34,2578,28,32,33,37,50,53,33000000,19/08/2012
34,2577,1,4,11,22,44,52,32000000,15/08/2012
34,2576,9,11,27,40,41,44,30500000,12/08/2012
34,2575,9,14,15,18,35,38,29500000,08/08/2012
34,2574,4,7,10,24,44,54,28000000,05/08/2012
34,2573,23,28,37,41,46,50,26500000,01/08/2012
34,2572,4,12,18,29,45,54,25500000,29/07/2012
34,2571,15,23,25,28,37,45,24500000,25/07/2012
34,2570,5,13,14,28,41,52,23000000,22/07/2012
34,2569,3,7,9,27,45,55,22000000,18/07/2012
34,2568,10,25,29,31,49,55,20500000,15/07/2012
34,2567,14,16,17,31,46,55,19000000,11/07/2012
34,2566,10,16,19,20,40,52,17000000,08/07/2012
34,2565,6,21,35,38,45,54,16000000,04/07/2012
34,2564,1,16,17,32,45,51,14000000,01/07/2012
34,2563,15,20,33,36,40,48,13500000,27/06/2012
34,2562,2,3,12,18,27,50,13000000,24/06/2012
34,2561,16,27,34,42,47,49,12500000,20/06/2012
34,2560,5,11,12,20,42,47,12000000,17/06/2012
34,2559,8,9,16,39,41,42,11500000,13/06/2012
34,2558,6,14,19,37,39,50,11000000,10/06/2012
34,2557,1,17,20,22,28,32,10500000,06/06/2012
34,2556,8,13,21,27,33,36,10000000,03/06/2012
34,2555,5,20,21,39,45,52,17500000,30/05/2012
34,2554,8,18,22,24,32,38,15500000,27/05/2012
34,2553,27,33,41,47,51,54,14000000,23/05/2012
34,2552,4,7,19,24,31,32,13500000,20/05/2012
34,2551,1,5,23,43,54,55,13000000,16/05/2012
34,2550,7,10,31,38,40,45,12500000,13/05/2012
34,2549,2,11,13,20,42,43,12000000,09/05/2012
34,2548,5,12,35,49,52,54,11500000,06/05/2012
34,2547,5,7,21,27,41,54,11000000,02/05/2012
34,2546,8,22,31,34,36,45,10500000,29/04/2012
34,2545,6,15,22,28,36,45,10000000,25/04/2012
34,2544,15,19,36,42,44,50,120000000,22/04/2012
34,2543,2,11,23,27,51,53,118000000,18/04/2012
34,2542,1,4,15,17,32,42,116000000,15/04/2012
34,2541,5,19,22,28,47,52,114000000,11/04/2012
34,2540,1,6,7,23,44,53,112000000,08/04/2012
34,2539,12,13,15,29,48,54,110000000,04/04/2012
34,2538,22,23,24,28,30,42,108000000,01/04/2012
34,2537,4,10,13,32,35,42,107000000,28/03/2012
34,2536,8,24,26,28,51,56,105000000,25/03/2012
34,2535,1,9,20,31,43,56,104000000,21/03/2012
34,2534,1,16,20,31,41,43,102000000,18/03/2012
34,2533,4,8,28,46,53,56,100000000,14/03/2012
34,2532,6,18,23,24,30,54,99000000,11/03/2012
34,2531,1,7,16,35,45,55,97000000,07/03/2012
34,2530,2,11,24,26,48,51,95000000,04/03/2012
34,2529,8,9,12,18,28,42,93000000,29/02/2012
34,2528,5,14,20,30,31,36,92000000,26/02/2012
34,2527,9,11,17,25,45,53,90000000,22/02/2012
34,2526,9,24,27,32,36,52,88000000,19/02/2012
34,2525,5,18,24,35,43,56,87000000,15/02/2012
34,2524,8,9,27,39,47,52,85000000,12/02/2012
34,2523,2,13,40,48,49,56,84000000,08/02/2012
34,2522,4,5,6,24,32,50,82000000,05/02/2012
34,2521,27,30,37,43,44,55,81000000,01/02/2012
34,2520,6,7,24,42,48,50,79000000,29/01/2012
34,2519,20,34,45,48,54,55,78000000,25/01/2012
34,2518,8,24,26,31,33,52,76000000,22/01/2012
34,2517,8,21,28,49,51,55,74000000,18/01/2012
34,2516,1,5,11,19,25,49,73000000,15/01/2012
34,2515,9,11,13,20,22,32,71000000,11/01/2012
34,2514,10,15,17,22,40,45,69000000,08/01/2012
34,2513,13,15,22,23,36,38,68000000,04/01/2012
34,2512,12,28,31,40,52,54,66000000,01/01/2012
34,2511,10,12,20,21,29,54,64000000,28/12/2011
34,2510,19,33,35,41,45,56,63000000,25/12/2011
34,2509,13,23,26,29,35,36,61000000,21/12/2011
34,2508,1,2,12,30,42,53,60000000,18/12/2011
34,2507,2,7,14,22,37,43,58000000,14/12/2011
34,2506,3,9,10,11,29,30,57000000,11/12/2011
34,2505,4,24,32,45,50,56,55000000,07/12/2011
34,2504,5,7,10,14,22,27,54000000,04/12/2011
34,2503,9,23,24,26,43,50,52000000,30/11/2011
34,2502,1,10,28,35,39,51,50000000,27/11/2011
34,2501,20,24,29,47,50,56,49000000,23/11/2011
34,2500,6,11,29,39,43,47,47000000,20/11/2011
34,2499,1,15,20,39,42,49,46000000,16/11/2011
34,2498,5,22,28,30,49,54,44000000,13/11/2011
34,2497,5,10,20,47,51,56,43000000,09/11/2011
34,2496,8,15,20,32,34,45,41000000,06/11/2011
34,2495,3,15,28,40,48,55,40000000,02/11/2011
34,2494,2,19,40,47,48,49,38000000,30/10/2011
34,2493,9,31,40,49,52,55,36000000,26/10/2011
34,2492,7,11,14,50,52,54,34000000,23/10/2011
34,2491,3,8,11,23,46,56,32000000,19/10/2011
34,2490,1,2,22,24,28,29,30000000,16/10/2011
34,2489,24,28,37,47,48,52,28000000,12/10/2011
34,2488,22,35,39,40,49,52,27000000,09/10/2011
34,2487,17,21,38,48,50,52,25000000,05/10/2011
34,2486,4,5,22,32,35,39,23000000,02/10/2011
34,2485,16,27,33,35,37,40,22000000,28/09/2011
34,2484,9,11,38,43,45,54,20000000,25/09/2011
34,2483,4,15,25,32,53,54,18000000,21/09/2011
34,2482,27,31,39,41,49,55,17000000,18/09/2011
34,2481,3,22,26,31,47,56,15500000,14/09/2011
34,2480,1,12,19,30,42,53,14000000,11/09/2011
34,2479,7,16,31,32,42,45,13500000,07/09/2011
34,2478,16,22,24,37,52,53,13000000,04/09/2011
34,2477,3,9,12,16,17,36,12500000,31/08/2011
34,2476,17,21,39,41,44,49,12000000,28/08/2011
34,2475,10,17,25,29,51,56,11500000,24/08/2011
34,2474,3,10,16,33,44,48,11000000,21/08/2011
34,2473,9,16,39,41,44,45,10500000,17/08/2011
34,2472,3,27,33,39,43,51,10000000,14/08/2011
34,2471,7,14,19,34,35,44,12000000,10/08/2011
34,2470,1,7,11,19,35,42,11500000,07/08/2011
34,2469,1,9,14,37,40,41,11000000,03/08/2011
34,2468,7,9,16,24,37,54,10500000,31/07/2011
34,2467,13,18,34,37,46,52,10000000,27/07/2011
34,2466,1,3,11,14,39,41,14000000,24/07/2011
34,2465,3,24,37,45,52,54,13500000,20/07/2011
34,2464,10,13,37,44,46,53,13000000,17/07/2011
34,2463,1,6,12,24,28,33,12500000,13/07/2011
34,2462,2,5,10,15,20,31,12000000,10/07/2011
34,2461,3,6,12,26,34,46,11500000,06/07/2011
34,2460,15,25,32,33,37,45,11000000,03/07/2011
34,2459,4,9,28,40,51,55,10500000,29/06/2011
34,2458,4,13,14,17,23,24,10000000,26/06/2011
34,2457,20,23,32,38,43,44,129000000,22/06/2011
34,2456,1,11,12,19,20,27,127000000,19/06/2011
34,2455,7,12,24,36,46,54,125000000,15/06/2011
34,2454,3,8,18,29,35,52,123000000,12/06/2011
34,2453,9,13,26,37,43,50,122000000,08/06/2011
34,2452,7,18,23,27,45,54,120000000,05/06/2011
34,2451,25,32,39,40,41,54,118000000,01/06/2011
34,2450,2,4,14,24,29,39,116000000,29/05/2011
34,2449,6,9,16,33,45,48,114000000,25/05/2011
34,2448,14,30,34,36,55,56,113000000,22/05/2011
34,2447,2,3,7,22,38,50,111000000,18/05/2011
34,2446,2,15,30,33,42,53,110000000,15/05/2011
34,2445,13,17,41,50,53,55,108000000,11/05/2011
34,2444,20,23,38,49,50,53,106000000,08/05/2011
34,2443,2,13,24,27,28,34,104000000,04/05/2011
34,2442,1,14,19,42,47,52,101000000,01/05/2011
34,2441,4,7,16,42,43,52,100000000,27/04/2011
34,2440,7,10,26,36,48,54,98000000,24/04/2011
34,2439,21,28,31,35,36,41,96000000,20/04/2011
34,2438,1,5,18,34,36,51,94000000,17/04/2011
34,2437,3,4,11,15,52,53,92000000,13/04/2011
34,2436,3,4,12,23,46,49,90000000,10/04/2011
34,2435,3,8,23,31,50,51,88000000,06/04/2011
34,2434,1,19,36,47,49,52,86000000,03/04/2011
34,2433,4,5,18,33,36,49,85000000,30/03/2011
34,2432,13,16,31,40,44,52,83000000,27/03/2011
34,2431,5,8,14,20,27,46,81000000,23/03/2011
34,2430,5,13,24,28,36,38,80000000,20/03/2011
34,2429,11,19,28,31,43,45,78000000,16/03/2011
34,2428,6,7,31,42,50,52,76000000,13/03/2011
34,2427,2,20,21,33,39,47,75000000,09/03/2011
34,2426,6,25,29,38,42,50,73000000,06/03/2011
34,2425,5,12,16,28,31,47,72000000,02/03/2011
34,2424,13,26,33,35,37,49,70000000,27/02/2011
34,2423,2,15,21,24,27,53,69000000,23/02/2011
34,2422,18,21,24,28,37,39,67000000,20/02/2011
34,2421,5,12,14,15,46,50,66000000,16/02/2011
34,2420,19,21,27,30,51,53,64000000,13/02/2011
34,2419,4,21,36,39,42,56,63000000,09/02/2011
34,2418,11,15,22,34,46,48,62000000,06/02/2011
34,2417,10,12,17,27,32,47,60000000,02/02/2011
34,2416,13,18,39,47,50,52,59000000,30/01/2011
34,2415,10,12,22,25,44,53,57000000,26/01/2011
34,2414,10,19,22,28,30,33,56000000,23/01/2011
34,2413,6,9,14,22,35,38,55000000,19/01/2011
34,2412,1,9,43,52,54,55,53500000,16/01/2011
34,2411,4,7,25,42,49,56,52000000,12/01/2011
34,2410,11,15,18,25,34,49,51000000,09/01/2011
34,2409,1,9,27,38,39,56,49000000,05/01/2011
34,2408,6,25,29,33,42,46,48000000,02/01/2011
34,2407,2,4,11,12,33,54,46000000,29/12/2010
34,2406,4,8,11,34,46,52,45000000,26/12/2010
34,2405,19,21,40,44,50,52,43000000,22/12/2010
34,2404,2,4,24,25,43,50,42000000,19/12/2010
34,2403,6,10,16,28,33,48,41000000,15/12/2010
34,2402,18,28,35,36,48,53,39000000,12/12/2010
34,2401,15,19,20,24,46,56,38000000,08/12/2010
34,2400,3,6,7,15,24,31,37000000,05/12/2010
34,2399,3,7,15,22,29,53,36000000,01/12/2010
34,2398,5,22,41,45,55,56,34000000,28/11/2010
34,2397,13,22,29,34,39,49,33000000,24/11/2010
34,2396,3,4,24,35,44,54,32000000,21/11/2010
34,2395,5,27,31,32,42,53,31000000,17/11/2010
34,2394,3,17,28,42,51,53,29000000,14/11/2010
34,2393,9,30,34,38,45,52,28000000,10/11/2010
34,2392,3,21,28,44,48,49,27000000,07/11/2010
34,2391,8,9,13,17,21,39,26000000,03/11/2010
34,2390,5,31,32,40,41,54,24000000,31/10/2010
34,2389,7,11,12,32,48,51,23500000,27/10/2010
34,2388,10,19,26,38,45,49,22000000,24/10/2010
34,2387,3,14,16,19,51,53,21000000,20/10/2010
34,2386,18,21,24,27,47,49,20000000,17/10/2010
34,2385,12,13,30,31,47,52,19000000,13/10/2010
34,2384,5,10,22,25,39,45,17500000,10/10/2010
34,2383,18,26,27,37,42,45,16500000,06/10/2010
34,2382,3,7,19,30,44,56,16000000,03/10/2010
34,2381,21,23,27,29,43,45,15500000,29/09/2010
34,2380,5,6,9,23,27,45,15000000,26/09/2010
34,2379,13,26,28,37,42,53,14500000,22/09/2010
34,2378,11,14,24,26,28,36,14000000,19/09/2010
34,2377,3,8,25,26,30,33,13500000,15/09/2010
34,2376,1,6,21,40,46,54,13000000,12/09/2010
34,2375,3,12,25,30,34,51,12500000,08/09/2010
34,2374,7,14,18,38,43,47,12000000,05/09/2010
34,2373,7,19,29,40,52,55,11500000,01/09/2010
34,2372,1,13,23,31,32,48,11000000,29/08/2010
34,2371,6,8,12,20,23,37,10500000,25/08/2010
